n,round,seed,ain_s,gac_s,bbp_s,gac_same,bbp_same,gac_status
100,2,8010100,0.0059,0.3933,0.0308,true,true,ok
100,2,8020100,0.0028,0.5709,0.0342,true,true,ok
100,2,8030100,0.0017,0.0217,0.0373,true,true,ok
100,2,8040100,0.0031,0.0538,0.0626,true,true,ok
100,2,8050100,0.003,0.3227,0.0554,true,true,ok
100,2,8060100,0.0045,0.4589,0.0335,true,true,ok
100,2,8070100,0.0051,0.4421,0.0327,true,true,ok
100,2,8080100,0.0046,0.3789,0.0576,true,true,ok
100,2,8090100,0.0035,-0.0135,0.0689,true,true,ok
100,2,8100100,0.0024,0.4153,0.033,true,true,ok
100,2,8110100,0.0045,0.4318,0.0319,true,true,ok
100,2,8120100,0.0044,0.4198,0.0323,true,true,ok
100,2,8130100,0.0026,0.4775,0.0325,true,true,ok
100,2,8140100,0.003,0.4273,0.0338,true,true,ok
100,2,8150100,0.0032,0.4649,0.0344,true,true,ok
100,2,8160100,0.003,0.0294,0.0363,true,true,ok
100,2,8170100,0.0047,0.3533,0.0322,true,true,ok
100,2,8180100,0.0021,0.0414,0.0345,true,true,ok
100,2,8190100,0.0021,0.0914,0.056,true,true,ok
100,2,8200100,0.0124,0.303,0.0312,true,true,ok
100,2,8210100,0.0048,0.4622,0.0332,true,true,ok
100,2,8220100,0.0035,0.0339,0.0363,true,true,ok
100,2,8230100,0.003,0.3171,0.0346,true,true,ok
100,2,8240100,0.003,0.0687,0.0621,true,true,ok
100,2,8250100,0.0017,0.0252,0.0363,true,true,ok
100,2,8260100,0.003,0.0456,0.0635,true,true,ok
100,2,8270100,0.0025,0.3666,0.0315,true,true,ok
100,2,8280100,0.0057,0.3323,0.0559,true,true,ok
100,2,8290100,0.0033,0.6366,0.0613,true,true,ok
100,2,8300100,0.0017,0.0162,0.0589,true,true,ok
100,2,8310100,0.0033,-0.0033,0.0366,true,true,ok
100,2,8320100,0.0042,0.5982,0.0345,true,true,ok
100,2,8330100,0.0039,0.2909,0.0305,true,true,ok
100,2,8340100,0.0023,0.4445,0.0331,true,true,ok
100,2,8350100,0.0037,0.4301,0.0563,true,true,ok
100,2,8360100,0.0045,0.3744,0.0304,true,true,ok
100,2,8370100,0.005,0.3789,0.0559,true,true,ok
100,2,8380100,0.0043,0.3944,0.0579,true,true,ok
100,2,8390100,0.0032,0.3721,0.0315,true,true,ok
100,2,8400100,0.0018,0.0358,0.0388,true,true,ok
100,2,8410100,0.0021,0.0175,0.0343,true,true,ok
100,2,8420100,0.0022,0.0718,0.0364,true,true,ok
100,2,8430100,0.0024,0.0339,0.0394,true,true,ok
100,2,8440100,0.003,0.3913,0.0579,true,true,ok
100,2,8450100,0.0024,0.3544,0.0331,true,true,ok
100,2,8460100,0.0023,0.4794,0.0337,true,true,ok
100,2,8470100,0.0026,0.2801,0.0557,true,true,ok
100,2,8480100,0.0018,0.0172,0.0592,true,true,ok
100,2,8490100,0.0047,0.2909,0.03,true,true,ok
100,2,8500100,0.0046,0.4255,0.0323,true,true,ok
100,2,8510100,0.0054,0.4794,0.0328,true,true,ok
100,2,8520100,0.0017,0.0351,0.0356,true,true,ok
100,2,8530100,0.0023,0.2549,0.0314,true,true,ok
100,2,8540100,0.0018,0.0346,0.0367,true,true,ok
100,2,8550100,0.0018,0.0038,0.0368,true,true,ok
100,2,8560100,0.0047,0.3227,0.0313,true,true,ok
100,2,8570100,0.0028,0.2946,0.0303,true,true,ok
100,2,8580100,0.0043,0.4659,0.0382,true,true,ok
100,2,8590100,0.0018,0.0244,0.0792,true,true,ok
100,2,8600100,0.0028,0.4065,0.0567,true,true,ok
100,2,8610100,0.0026,0.2813,0.0312,true,true,ok
100,2,8620100,0.0031,0.0719,0.0368,true,true,ok
100,2,8630100,0.0026,-0.0082,0.0352,true,true,ok
100,2,8640100,0.0019,0.0167,0.0353,true,true,ok
100,2,8650100,0.0016,-0.004,0.0354,true,true,ok
100,2,8660100,0.0045,0.3323,0.0313,true,true,ok
100,2,8670100,0.0024,0.3873,0.0322,true,true,ok
100,2,8680100,0.0016,0.0243,0.0521,true,true,ok
100,2,8690100,0.0053,0.2949,0.0319,true,true,ok
100,2,8700100,0.0017,0.0161,0.0357,true,true,ok
100,2,8710100,0.003,-0.0103,0.0371,true,true,ok
100,2,8720100,0.0045,0.2764,0.0308,true,true,ok
100,2,8730100,0.0019,-0.0424,0.0345,true,true,ok
100,2,8740100,0.0024,0.3785,0.0319,true,true,ok
100,2,8750100,0.0026,0.2462,0.0316,true,true,ok
100,2,8760100,0.0018,0.0218,0.034,true,true,ok
100,2,8770100,0.0032,0.3182,0.0324,true,true,ok
100,2,8780100,0.0029,0.2648,0.0299,true,true,ok
100,2,8790100,0.0042,0.019,0.0349,true,true,ok
100,2,8800100,0.0018,0.0088,0.0353,true,true,ok
100,2,8810100,0.0026,0.259,0.0303,true,true,ok
100,2,8820100,0.0024,0.4241,0.0323,true,true,ok
100,2,8830100,0.0042,0.3348,0.0316,true,true,ok
100,2,8840100,0.0034,0.2858,0.0298,true,true,ok
100,2,8850100,0.0027,0.2092,0.0314,true,true,ok
100,2,8860100,0.002,0.0074,0.0366,true,true,ok
100,2,8870100,0.0022,-0.0104,0.0342,true,true,ok
100,2,8880100,0.0018,0.0569,0.035,true,true,ok
100,2,8890100,0.0044,0.2777,0.0302,true,true,ok
100,2,8900100,0.0024,0.421,0.0313,true,true,ok
100,2,8910100,0.0023,0.4223,0.0336,true,true,ok
100,2,8920100,0.0025,0.3011,0.0306,true,true,ok
100,2,8930100,0.0017,-0.0552,0.0367,true,true,ok
100,2,8940100,0.0027,0.3767,0.0319,true,true,ok
100,2,8950100,0.0025,0.3482,0.0323,true,true,ok
100,2,8960100,0.0025,0.3029,0.0307,true,true,ok
100,2,8970100,0.0025,0.3646,0.0314,true,true,ok
100,2,8980100,0.0016,0.0051,0.0347,true,true,ok
100,2,8990100,0.002,0.0091,0.035,true,true,ok
100,2,9000100,0.0019,0.0003,0.0339,true,true,ok
100,5,8010100,0.0102,0.1187,0.041,true,true,ok
100,5,8020100,0.0032,0.1604,0.0389,true,true,ok
100,5,8030100,0.0103,0.0634,0.0374,true,true,ok
100,5,8040100,0.0174,0.0484,0.0606,true,true,ok
100,5,8050100,0.0079,0.1182,0.0721,true,true,ok
100,5,8060100,0.0192,0.0708,0.0674,true,true,ok
100,5,8070100,0.0192,0.2411,0.0674,true,true,ok
100,5,8080100,0.0082,0.0395,0.0442,true,true,ok
100,5,8090100,0.0055,0.0845,0.0431,true,true,ok
100,5,8100100,0.0055,0.0414,0.0431,true,true,ok
100,5,8110100,0.0221,0.3949,0.0437,true,true,ok
100,5,8120100,0.0105,0.0864,0.0387,true,true,ok
100,5,8130100,0.0041,0.0851,0.068,true,true,ok
100,5,8140100,0.0084,0.0595,0.0661,true,true,ok
100,5,8150100,0.0042,0.0617,0.0439,true,true,ok
100,5,8160100,0.0046,0.0794,0.0434,true,true,ok
100,5,8170100,0.0199,0.5427,0.071,true,true,ok
100,5,8180100,0.0082,0.0913,0.0386,true,true,ok
100,5,8190100,0.0079,0.075,0.068,true,true,ok
100,5,8200100,0.0077,0.0775,0.043,true,true,ok
100,5,8210100,0.0071,0.1129,0.0717,true,true,ok
100,5,8220100,0.0159,0.0735,0.0726,true,true,ok
100,5,8230100,0.0095,0.1228,0.0372,true,true,ok
100,5,8240100,0.0127,0.1976,0.0373,true,true,ok
100,5,8250100,0.004,0.065,0.0416,true,true,ok
100,5,8260100,0.0035,0.0883,0.0355,true,true,ok
100,5,8270100,0.0169,0.0545,0.0396,true,true,ok
100,5,8280100,0.0109,0.0913,0.039,true,true,ok
100,5,8290100,0.006,0.1609,0.0368,true,true,ok
100,5,8300100,0.0081,0.1261,0.0395,true,true,ok
100,5,8310100,0.0078,0.1366,0.0423,true,true,ok
100,5,8320100,0.0074,0.0927,0.0428,true,true,ok
100,5,8330100,0.0074,0.0521,0.0673,true,true,ok
100,5,8340100,0.0187,0.0248,0.043,true,true,ok
100,5,8350100,0.006,0.0876,0.038,true,true,ok
100,5,8360100,0.0036,0.0738,0.0398,true,true,ok
100,5,8370100,0.0044,0.1447,0.0362,true,true,ok
100,5,8380100,0.0074,0.0625,0.0698,true,true,ok
100,5,8390100,0.0063,0.1303,0.0379,true,true,ok
100,5,8400100,0.0039,0.0741,0.0393,true,true,ok
100,5,8410100,0.0074,0.0401,0.0407,true,true,ok
100,5,8420100,0.0248,0.0342,0.0413,true,true,ok
100,5,8430100,0.0134,0.0095,0.0386,true,true,ok
100,5,8440100,0.0085,0.1004,0.0446,true,true,ok
100,5,8450100,0.009,0.0905,0.0426,true,true,ok
100,5,8460100,0.0041,0.0827,0.0383,true,true,ok
100,5,8470100,0.0091,0.1029,0.0438,true,true,ok
100,5,8480100,0.0157,0.0702,0.0417,true,true,ok
100,5,8490100,0.0035,0.0859,0.0384,true,true,ok
100,5,8500100,0.0031,0.0367,0.0441,true,true,ok
100,5,8510100,0.0109,0.0212,0.0413,true,true,ok
100,5,8520100,0.111,0.079,0.0659,true,true,ok
100,5,8530100,0.005,0.1413,0.0412,true,true,ok
100,5,8540100,0.0085,0.0616,0.0408,true,true,ok
100,5,8550100,0.0169,0.0818,0.0418,true,true,ok
100,5,8560100,0.0057,0.0345,0.0575,true,true,ok
100,5,8570100,0.0092,0.0593,0.0648,true,true,ok
100,5,8580100,0.0079,0.0199,0.0403,true,true,ok
100,5,8590100,0.0331,0.0794,0.0478,true,true,ok
100,5,8600100,0.0072,0.0887,0.0406,true,true,ok
100,5,8610100,0.0035,0.0831,0.0394,true,true,ok
100,5,8620100,0.0062,0.1079,0.0737,true,true,ok
100,5,8630100,0.0041,0.0854,0.045,true,true,ok
100,5,8640100,0.0159,0.076,0.0377,true,true,ok
100,5,8650100,0.0051,0.0568,0.0373,true,true,ok
100,5,8660100,0.023,0.0509,0.0716,true,true,ok
100,5,8670100,0.0042,0.0806,0.0387,true,true,ok
100,5,8680100,0.0101,0.0494,0.0422,true,true,ok
100,5,8690100,0.013,0.0952,0.038,true,true,ok
100,5,8700100,0.0105,0.1061,0.041,true,true,ok
100,5,8710100,0.0202,0.1192,0.074,true,true,ok
100,5,8720100,0.006,0.0912,0.0435,true,true,ok
100,5,8730100,0.0041,0.0323,0.0377,true,true,ok
100,5,8740100,0.0132,0.0546,0.0382,true,true,ok
100,5,8750100,0.0231,0.0454,0.0519,true,true,ok
100,5,8760100,0.0054,0.1088,0.0445,true,true,ok
100,5,8770100,0.0145,0.0822,0.0388,true,true,ok
100,5,8780100,0.008,0.144,0.0643,true,true,ok
100,5,8790100,0.0066,0.1221,0.0431,true,true,ok
100,5,8800100,0.0037,0.0847,0.0368,true,true,ok
100,5,8810100,0.0065,0.0968,0.0445,true,true,ok
100,5,8820100,0.0193,0.0504,0.0391,true,true,ok
100,5,8830100,0.0054,0.0862,0.0338,true,true,ok
100,5,8840100,0.0065,0.0853,0.0379,true,true,ok
100,5,8850100,0.0091,0.0835,0.0398,true,true,ok
100,5,8860100,0.008,0.0741,0.0739,true,true,ok
100,5,8870100,0.0034,0.0856,0.0359,true,true,ok
100,5,8880100,0.0161,0.0902,0.037,true,true,ok
100,5,8890100,0.0129,0.0223,0.0393,true,true,ok
100,5,8900100,0.0137,0.0158,0.0424,true,true,ok
100,5,8910100,0.0134,0.044,0.0403,true,true,ok
100,5,8920100,0.0074,0.0789,0.0681,true,true,ok
100,5,8930100,0.0039,0.084,0.076,true,true,ok
100,5,8940100,0.0036,0.0942,0.0396,true,true,ok
100,5,8950100,0.0068,0.0898,0.0394,true,true,ok
100,5,8960100,0.0154,0.0498,0.0651,true,true,ok
100,5,8970100,0.0054,0.0651,0.073,true,true,ok
100,5,8980100,0.0044,0.0521,0.041,true,true,ok
100,5,8990100,0.0068,0.0678,0.0365,true,true,ok
100,5,9000100,0.0088,0.0356,0.0402,true,true,ok
100,9,8010100,0.0081,0.3146,0.0394,true,true,ok
100,9,8020100,0.0111,0.2347,0.0619,true,true,ok
100,9,8030100,0.0078,0.1924,0.0342,true,true,ok
100,9,8040100,0.0368,0.1951,0.0372,true,true,ok
100,9,8050100,0.0347,0.2233,0.0626,true,true,ok
100,9,8060100,0.0139,0.1295,0.066,true,true,ok
100,9,8070100,0.0302,0.185,0.0657,true,true,ok
100,9,8080100,0.0112,0.1127,0.038,true,true,ok
100,9,8090100,0.0234,0.3218,0.0386,true,true,ok
100,9,8100100,0.0108,0.1433,0.0631,true,true,ok
100,9,8110100,0.0104,0.2196,0.0361,true,true,ok
100,9,8120100,0.0064,0.294,0.0574,true,true,ok
100,9,8130100,0.0161,0.1757,0.0667,true,true,ok
100,9,8140100,0.0054,0.2336,0.0542,true,true,ok
100,9,8150100,0.0223,0.1395,0.0399,true,true,ok
100,9,8160100,0.0073,0.1604,0.0628,true,true,ok
100,9,8170100,0.04,0.14,0.0413,true,true,ok
100,9,8180100,0.0921,0.1747,0.0355,true,true,ok
100,9,8190100,0.013,0.1489,0.0529,true,true,ok
100,9,8200100,0.0529,0.1644,0.0373,true,true,ok
100,9,8210100,0.0182,0.1437,0.0632,true,true,ok
100,9,8220100,0.016,0.1634,0.0607,true,true,ok
100,9,8230100,0.0108,0.2943,0.0675,true,true,ok
100,9,8240100,0.0115,0.146,0.0384,true,true,ok
100,9,8250100,0.0442,0.2426,0.0471,true,true,ok
100,9,8260100,0.007,0.1498,0.0625,true,true,ok
100,9,8270100,0.0155,0.1249,0.0393,true,true,ok
100,9,8280100,0.011,0.1576,0.0564,true,true,ok
100,9,8290100,0.0179,0.1575,0.0691,true,true,ok
100,9,8300100,0.0603,0.1437,0.0387,true,true,ok
100,9,8310100,0.0192,0.1992,0.0391,true,true,ok
100,9,8320100,0.0102,0.1122,0.055,true,true,ok
100,9,8330100,0.1034,0.2686,0.0385,true,true,ok
100,9,8340100,0.005,0.0953,0.0368,true,true,ok
100,9,8350100,0.0118,0.1349,0.0405,true,true,ok
100,9,8360100,0.0056,0.1783,0.0722,true,true,ok
100,9,8370100,0.0069,0.2044,0.0614,true,true,ok
100,9,8380100,0.0047,0.0945,0.0632,true,true,ok
100,9,8390100,0.0084,0.2276,0.0706,true,true,ok
100,9,8400100,0.0092,0.1214,0.038,true,true,ok
100,9,8410100,0.0095,0.1813,0.0753,true,true,ok
100,9,8420100,0.0139,0.2841,0.0345,true,true,ok
100,9,8430100,0.0592,0.1229,0.0652,true,true,ok
100,9,8440100,0.0067,0.1547,0.062,true,true,ok
100,9,8450100,0.0131,0.1767,0.0664,true,true,ok
100,9,8460100,0.0049,0.0842,0.0399,true,true,ok
100,9,8470100,0.0132,0.2529,0.0354,true,true,ok
100,9,8480100,0.014,0.0755,0.0398,true,true,ok
100,9,8490100,0.1132,0.2299,0.039,true,true,ok
100,9,8500100,0.0166,0.1414,0.0536,true,true,ok
100,9,8510100,0.0165,0.1913,0.0383,true,true,ok
100,9,8520100,0.01,0.1782,0.0381,true,true,ok
100,9,8530100,0.128,0.2497,0.0679,true,true,ok
100,9,8540100,0.012,0.123,0.038,true,true,ok
100,9,8550100,0.0094,0.189,0.0368,true,true,ok
100,9,8560100,0.0097,0.0873,0.0379,true,true,ok
100,9,8570100,0.0109,0.2088,0.0348,true,true,ok
100,9,8580100,0.0041,0.0776,0.0437,true,true,ok
100,9,8590100,0.0201,0.1245,0.0545,true,true,ok
100,9,8600100,0.005,0.1535,0.038,true,true,ok
100,9,8610100,0.0107,0.2982,0.0407,true,true,ok
100,9,8620100,0.0123,0.1767,0.0368,true,true,ok
100,9,8630100,0.0415,0.2072,0.0373,true,true,ok
100,9,8640100,0.0169,0.124,0.0385,true,true,ok
100,9,8650100,0.0072,0.1365,0.0388,true,true,ok
100,9,8660100,0.0237,0.0817,0.0371,true,true,ok
100,9,8670100,0.0363,0.1841,0.0379,true,true,ok
100,9,8680100,0.0167,0.1229,0.0378,true,true,ok
100,9,8690100,0.0458,0.2406,0.0346,true,true,ok
100,9,8700100,0.0144,0.2077,0.0391,true,true,ok
100,9,8710100,0.0138,0.1252,0.038,true,true,ok
100,9,8720100,0.0125,0.077,0.0376,true,true,ok
100,9,8730100,0.0114,0.1978,0.0378,true,true,ok
100,9,8740100,0.0123,0.0396,0.0413,true,true,ok
100,9,8750100,0.006,0.1505,0.0396,true,true,ok
100,9,8760100,0.005,0.0719,0.0418,true,true,ok
100,9,8770100,0.0213,0.1042,0.0407,true,true,ok
100,9,8780100,0.0111,0.1559,0.0383,true,true,ok
100,9,8790100,0.0159,0.1129,0.0379,true,true,ok
100,9,8800100,0.0171,0.1613,0.0385,true,true,ok
100,9,8810100,0.0255,0.1016,0.0389,true,true,ok
100,9,8820100,0.0114,0.1266,0.0363,true,true,ok
100,9,8830100,0.0106,0.0873,0.0381,true,true,ok
100,9,8840100,0.0087,0.0966,0.0668,true,true,ok
100,9,8850100,0.0102,0.0988,0.0389,true,true,ok
100,9,8860100,0.0083,0.1136,0.038,true,true,ok
100,9,8870100,0.0166,0.0803,0.0373,true,true,ok
100,9,8880100,0.0329,0.1049,0.0366,true,true,ok
100,9,8890100,0.0406,0.1508,0.0469,true,true,ok
100,9,8900100,0.0091,0.0953,0.0371,true,true,ok
100,9,8910100,0.0052,0.1366,0.0367,true,true,ok
100,9,8920100,0.0118,0.1309,0.0368,true,true,ok
100,9,8930100,0.0098,0.1068,0.0368,true,true,ok
100,9,8940100,0.0093,0.0671,0.0366,true,true,ok
100,9,8950100,0.0052,0.1334,0.039,true,true,ok
100,9,8960100,0.0163,0.0903,0.0406,true,true,ok
100,9,8970100,0.0784,0.1362,0.037,true,true,ok
100,9,8980100,0.0157,0.0806,0.034,true,true,ok
100,9,8990100,0.0172,0.1578,0.0377,true,true,ok
100,9,9000100,0.0324,0.2353,0.0342,true,true,ok
101,2,8010101,0.003,0.0309,0.044,true,true,ok
101,2,8020101,0.0041,-0.0019,0.0363,true,true,ok
101,2,8030101,0.0039,-0.0067,0.0374,true,true,ok
101,2,8040101,0.0055,0.0136,0.0423,true,true,ok
101,2,8050101,0.002,0.0302,0.0359,true,true,ok
101,2,8060101,0.0032,0.0589,0.0359,true,true,ok
101,2,8070101,0.0019,0.0022,0.0349,true,true,ok
101,2,8080101,0.0036,0.0424,0.0353,true,true,ok
101,2,8090101,0.0035,0.0043,0.0598,true,true,ok
101,2,8100101,0.0048,-0.0125,0.0439,true,true,ok
101,2,8110101,0.0031,0.0148,0.0572,true,true,ok
101,2,8120101,0.0036,-0.0402,0.035,true,true,ok
101,2,8130101,0.0026,0.0406,0.0444,true,true,ok
101,2,8140101,0.0021,0.0224,0.0348,true,true,ok
101,2,8150101,0.0022,0.0167,0.0357,true,true,ok
101,2,8160101,0.0027,0.0706,0.0431,true,true,ok
101,2,8170101,0.0036,0.0507,0.0405,true,true,ok
101,2,8180101,0.0031,-0.0068,0.0442,true,true,ok
101,2,8190101,0.0038,0.0066,0.0633,true,true,ok
101,2,8200101,0.0022,0.0403,0.0524,true,true,ok
101,2,8210101,0.0058,0.0323,0.075,true,true,ok
101,2,8220101,0.0022,0.0524,0.0354,true,true,ok
101,2,8230101,0.0056,0.0109,0.043,true,true,ok
101,2,8240101,0.0054,0.0464,0.0438,true,true,ok
101,2,8250101,0.0031,0.1308,0.0437,true,true,ok
101,2,8260101,0.002,-0.0179,0.0661,true,true,ok
101,2,8270101,0.0029,0.0386,0.0441,true,true,ok
101,2,8280101,0.0022,-0.0063,0.037,true,true,ok
101,2,8290101,0.003,0.0914,0.0791,true,true,ok
101,2,8300101,0.0022,0.0129,0.0365,true,true,ok
101,2,8310101,0.002,0.0321,0.0366,true,true,ok
101,2,8320101,0.0049,0.0923,0.0442,true,true,ok
101,2,8330101,0.0061,0.0445,0.0787,true,true,ok
101,2,8340101,0.0026,0.0145,0.0799,true,true,ok
101,2,8350101,0.0025,0.022,0.0374,true,true,ok
101,2,8360101,0.005,0.0084,0.0427,true,true,ok
101,2,8370101,0.0052,0.0179,0.0783,true,true,ok
101,2,8380101,0.0051,0.0529,0.0454,true,true,ok
101,2,8390101,0.0042,0.1043,0.0432,true,true,ok
101,2,8400101,0.0051,0.0728,0.0442,true,true,ok
101,2,8410101,0.0022,0.0572,0.0642,true,true,ok
101,2,8420101,0.0037,0.0324,0.0427,true,true,ok
101,2,8430101,0.0044,0.0208,0.0447,true,true,ok
101,2,8440101,0.0033,-0.0228,0.0357,true,true,ok
101,2,8450101,0.0036,0.0305,0.0669,true,true,ok
101,2,8460101,0.0021,0.0496,0.0363,true,true,ok
101,2,8470101,0.005,0.0379,0.0439,true,true,ok
101,2,8480101,0.0029,0.0387,0.0781,true,true,ok
101,2,8490101,0.0035,0.0837,0.0375,true,true,ok
101,2,8500101,0.0045,0.045,0.067,true,true,ok
101,2,8510101,0.0022,-0.0185,0.0707,true,true,ok
101,2,8520101,0.0031,0.007,0.077,true,true,ok
101,2,8530101,0.0029,0.0008,0.0449,true,true,ok
101,2,8540101,0.0053,0.0588,0.0436,true,true,ok
101,2,8550101,0.002,0.066,0.0359,true,true,ok
101,2,8560101,0.0058,0.0142,0.0831,true,true,ok
101,2,8570101,0.006,0.0213,0.0588,true,true,ok
101,2,8580101,0.0056,0.0036,0.0428,true,true,ok
101,2,8590101,0.0028,-0.013,0.0657,true,true,ok
101,2,8600101,0.0059,-0.0077,0.0433,true,true,ok
101,2,8610101,0.0031,0.0699,0.0367,true,true,ok
101,2,8620101,0.0021,0.0419,0.0363,true,true,ok
101,2,8630101,0.0055,0.0223,0.0458,true,true,ok
101,2,8640101,0.0027,0.0429,0.0645,true,true,ok
101,2,8650101,0.002,0.0331,0.0503,true,true,ok
101,2,8660101,0.0038,0.0461,0.0638,true,true,ok
101,2,8670101,0.003,-0.0114,0.0585,true,true,ok
101,2,8680101,0.0022,0.035,0.0351,true,true,ok
101,2,8690101,0.0035,0.0236,0.0356,true,true,ok
101,2,8700101,0.0036,0.0645,0.0346,true,true,ok
101,2,8710101,0.004,0.0199,0.0431,true,true,ok
101,2,8720101,0.0037,0.0529,0.0629,true,true,ok
101,2,8730101,0.0043,0.0547,0.0755,true,true,ok
101,2,8740101,0.0023,-0.0207,0.063,true,true,ok
101,2,8750101,0.0024,-0.0142,0.0755,true,true,ok
101,2,8760101,0.0055,0.0056,0.0474,true,true,ok
101,2,8770101,0.0035,0.0385,0.0438,true,true,ok
101,2,8780101,0.0052,0.0338,0.069,true,true,ok
101,2,8790101,0.0028,0.0377,0.0784,true,true,ok
101,2,8800101,0.0032,0.1119,0.0806,true,true,ok
101,2,8810101,0.0036,0.0537,0.052,true,true,ok
101,2,8820101,0.0019,0.0047,0.0355,true,true,ok
101,2,8830101,0.0048,0.0034,0.075,true,true,ok
101,2,8840101,0.002,0.0126,0.0357,true,true,ok
101,2,8850101,0.0053,0.0068,0.0784,true,true,ok
101,2,8860101,0.0034,0.0416,0.0432,true,true,ok
101,2,8870101,0.0021,0.0274,0.0577,true,true,ok
101,2,8880101,0.0031,0.0178,0.0431,true,true,ok
101,2,8890101,0.0036,-0.0022,0.0654,true,true,ok
101,2,8900101,0.0036,-0.0032,0.0452,true,true,ok
101,2,8910101,0.0037,-0.0158,0.0677,true,true,ok
101,2,8920101,0.0041,0.0248,0.081,true,true,ok
101,2,8930101,0.0059,0.0545,0.0358,true,true,ok
101,2,8940101,0.0042,0.0288,0.0438,true,true,ok
101,2,8950101,0.0032,0.0227,0.078,true,true,ok
101,2,8960101,0.0034,0.0497,0.0433,true,true,ok
101,2,8970101,0.002,0.02,0.0354,true,true,ok
101,2,8980101,0.0019,0.0144,0.0362,true,true,ok
101,2,8990101,0.0023,0.0017,0.0366,true,true,ok
101,2,9000101,0.002,-0.0197,0.0603,true,true,ok
101,5,8010101,0.0068,0.1286,0.055,true,true,ok
101,5,8020101,0.0045,0.127,0.0447,true,true,ok
101,5,8030101,0.0038,0.1603,0.0523,true,true,ok
101,5,8040101,0.0036,0.0671,0.0595,true,true,ok
101,5,8050101,0.0109,0.1052,0.0482,true,true,ok
101,5,8060101,0.0203,0.0831,0.0493,true,true,ok
101,5,8070101,0.0093,0.1225,0.0757,true,true,ok
101,5,8080101,0.0042,0.1259,0.0639,true,true,ok
101,5,8090101,0.0035,0.1375,0.0557,true,true,ok
101,5,8100101,0.0087,0.0809,0.0667,true,true,ok
101,5,8110101,0.011,0.091,0.0575,true,true,ok
101,5,8120101,0.0126,0.0896,0.0502,true,true,ok
101,5,8130101,0.0034,0.0952,0.0521,true,true,ok
101,5,8140101,0.021,0.1221,0.0507,true,true,ok
101,5,8150101,0.0062,0.0544,0.0984,true,true,ok
101,5,8160101,0.0077,0.1102,0.0929,true,true,ok
101,5,8170101,0.0075,0.0883,0.0836,true,true,ok
101,5,8180101,0.0083,0.1739,0.0613,true,true,ok
101,5,8190101,0.0077,0.1002,0.1102,true,true,ok
101,5,8200101,0.0032,0.0834,0.0521,true,true,ok
101,5,8210101,0.0039,0.1158,0.0626,true,true,ok
101,5,8220101,0.0041,0.1106,0.0537,true,true,ok
101,5,8230101,0.0038,0.1195,0.0918,true,true,ok
101,5,8240101,0.0033,0.1159,0.0814,true,true,ok
101,5,8250101,0.0037,0.0984,0.0555,true,true,ok
101,5,8260101,0.0082,0.0818,0.0725,true,true,ok
101,5,8270101,0.013,0.0728,0.0964,true,true,ok
101,5,8280101,0.0228,0.0933,0.0544,true,true,ok
101,5,8290101,0.0081,0.1001,0.054,true,true,ok
101,5,8300101,0.0105,0.1226,0.0527,true,true,ok
101,5,8310101,0.006,0.0409,0.0465,true,true,ok
101,5,8320101,0.0077,0.1075,0.0542,true,true,ok
101,5,8330101,0.0039,0.0726,0.088,true,true,ok
101,5,8340101,0.0075,0.1026,0.0615,true,true,ok
101,5,8350101,0.0034,0.0748,0.0536,true,true,ok
101,5,8360101,0.0041,0.106,0.0537,true,true,ok
101,5,8370101,0.0076,0.0845,0.0533,true,true,ok
101,5,8380101,0.007,0.1153,0.0448,true,true,ok
101,5,8390101,0.0078,0.0592,0.0543,true,true,ok
101,5,8400101,0.0099,0.1109,0.0645,true,true,ok
101,5,8410101,0.0065,0.1241,0.0875,true,true,ok
101,5,8420101,0.0078,0.1417,0.0945,true,true,ok
101,5,8430101,0.0035,0.022,0.0492,true,true,ok
101,5,8440101,0.0043,0.0931,0.0487,true,true,ok
101,5,8450101,0.0102,0.1563,0.0753,true,true,ok
101,5,8460101,0.004,0.1182,0.0795,true,true,ok
101,5,8470101,0.0049,0.0519,0.0791,true,true,ok
101,5,8480101,0.0031,0.0894,0.0778,true,true,ok
101,5,8490101,0.0074,0.069,0.0551,true,true,ok
101,5,8500101,0.0035,0.0945,0.0575,true,true,ok
101,5,8510101,0.0031,0.0783,0.0893,true,true,ok
101,5,8520101,0.0037,0.1621,0.0587,true,true,ok
101,5,8530101,0.0035,0.1556,0.0518,true,true,ok
101,5,8540101,0.0039,0.0815,0.09,true,true,ok
101,5,8550101,0.0287,0.0515,0.0929,true,true,ok
101,5,8560101,0.01,0.1098,0.0925,true,true,ok
101,5,8570101,0.0074,0.0818,0.0559,true,true,ok
101,5,8580101,0.0034,0.083,0.0513,true,true,ok
101,5,8590101,0.0072,0.014,0.0535,true,true,ok
101,5,8600101,0.027,0.0661,0.0549,true,true,ok
101,5,8610101,0.0134,0.1405,0.0509,true,true,ok
101,5,8620101,0.0233,0.1158,0.0885,true,true,ok
101,5,8630101,0.0074,0.0011,0.0544,true,true,ok
101,5,8640101,0.0035,0.149,0.0457,true,true,ok
101,5,8650101,0.0038,0.0993,0.057,true,true,ok
101,5,8660101,0.009,0.0924,0.0527,true,true,ok
101,5,8670101,0.0072,0.0551,0.0538,true,true,ok
101,5,8680101,0.0127,0.0631,0.0515,true,true,ok
101,5,8690101,0.0043,0.0764,0.0482,true,true,ok
101,5,8700101,0.004,0.0947,0.0502,true,true,ok
101,5,8710101,0.0074,0.1409,0.0889,true,true,ok
101,5,8720101,0.0035,0.0653,0.0502,true,true,ok
101,5,8730101,0.0044,0.0555,0.0536,true,true,ok
101,5,8740101,0.0073,0.11,0.0821,true,true,ok
101,5,8750101,0.0032,0.0323,0.0511,true,true,ok
101,5,8760101,0.0095,0.0705,0.0517,true,true,ok
101,5,8770101,0.0178,0.0725,0.0586,true,true,ok
101,5,8780101,0.0038,0.0702,0.0873,true,true,ok
101,5,8790101,0.0039,0.0231,0.0483,true,true,ok
101,5,8800101,0.0159,0.0494,0.0546,true,true,ok
101,5,8810101,0.0037,0.0608,0.0613,true,true,ok
101,5,8820101,0.0083,0.0647,0.0531,true,true,ok
101,5,8830101,0.0097,0.0476,0.0516,true,true,ok
101,5,8840101,0.0076,0.0697,0.0472,true,true,ok
101,5,8850101,0.0041,0.0714,0.0578,true,true,ok
101,5,8860101,0.0046,0.0906,0.0571,true,true,ok
101,5,8870101,0.0034,0.0952,0.0514,true,true,ok
101,5,8880101,0.0382,0.0748,0.0539,true,true,ok
101,5,8890101,0.0035,0.0755,0.051,true,true,ok
101,5,8900101,0.0034,0.1132,0.0521,true,true,ok
101,5,8910101,0.0035,0.0024,0.0447,true,true,ok
101,5,8920101,0.02,0.0853,0.0534,true,true,ok
101,5,8930101,0.0043,0.1562,0.0521,true,true,ok
101,5,8940101,0.01,0.0802,0.0499,true,true,ok
101,5,8950101,0.0032,0.0166,0.0521,true,true,ok
101,5,8960101,0.0041,0.0661,0.0494,true,true,ok
101,5,8970101,0.0148,0.0287,0.0546,true,true,ok
101,5,8980101,0.0079,0.0971,0.0504,true,true,ok
101,5,8990101,0.0031,0.039,0.0838,true,true,ok
101,5,9000101,0.0042,0.0869,0.0607,true,true,ok
101,9,8010101,0.0242,0.208,0.0706,true,true,ok
101,9,8020101,0.0112,0.2249,0.0579,true,true,ok
101,9,8030101,0.0816,0.2,0.0928,true,true,ok
101,9,8040101,0.0094,0.152,0.0539,true,true,ok
101,9,8050101,0.0115,0.1444,0.049,true,true,ok
101,9,8060101,0.01,0.0832,0.0496,true,true,ok
101,9,8070101,0.0126,0.153,0.0551,true,true,ok
101,9,8080101,0.0164,0.2041,0.0531,true,true,ok
101,9,8090101,0.0103,0.2007,0.0506,true,true,ok
101,9,8100101,0.027,0.1386,0.0901,true,true,ok
101,9,8110101,0.0105,0.1361,0.0557,true,true,ok
101,9,8120101,0.0081,0.0683,0.0912,true,true,ok
101,9,8130101,0.0103,0.0835,0.0505,true,true,ok
101,9,8140101,0.0065,0.1579,0.0509,true,true,ok
101,9,8150101,0.0598,0.1843,0.0541,true,true,ok
101,9,8160101,0.0269,0.1763,0.1029,true,true,ok
101,9,8170101,0.0187,0.1552,0.0504,true,true,ok
101,9,8180101,0.0213,0.1547,0.0526,true,true,ok
101,9,8190101,0.0046,0.165,0.0506,true,true,ok
101,9,8200101,0.0846,0.2338,0.0523,true,true,ok
101,9,8210101,0.0147,0.1911,0.0818,true,true,ok
101,9,8220101,0.125,0.17,0.0915,true,true,ok
101,9,8230101,0.0168,0.1347,0.049,true,true,ok
101,9,8240101,0.0103,0.1305,0.0506,true,true,ok
101,9,8250101,0.0177,0.2173,0.0507,true,true,ok
101,9,8260101,0.0084,0.1533,0.0586,true,true,ok
101,9,8270101,0.0202,0.1509,0.0499,true,true,ok
101,9,8280101,0.0234,0.0765,0.0527,true,true,ok
101,9,8290101,0.0076,0.1233,0.0869,true,true,ok
101,9,8300101,0.0084,0.1695,0.0545,true,true,ok
101,9,8310101,0.0324,0.123,0.0531,true,true,ok
101,9,8320101,0.0657,0.2806,0.0872,true,true,ok
101,9,8330101,0.0103,0.1702,0.0838,true,true,ok
101,9,8340101,0.0089,0.1595,0.0503,true,true,ok
101,9,8350101,0.0298,0.161,0.0539,true,true,ok
101,9,8360101,0.0221,0.1395,0.0923,true,true,ok
101,9,8370101,0.0105,0.1056,0.081,true,true,ok
101,9,8380101,0.0082,0.1327,0.0509,true,true,ok
101,9,8390101,0.0051,0.1517,0.0691,true,true,ok
101,9,8400101,0.0115,0.274,0.051,true,true,ok
101,9,8410101,0.0154,0.116,0.051,true,true,ok
101,9,8420101,0.0054,0.1904,0.0628,true,true,ok
101,9,8430101,0.0163,0.1562,0.05,true,true,ok
101,9,8440101,0.0224,0.1369,0.0579,true,true,ok
101,9,8450101,0.0262,0.1382,0.0909,true,true,ok
101,9,8460101,0.009,0.2079,0.0561,true,true,ok
101,9,8470101,0.018,0.264,0.0568,true,true,ok
101,9,8480101,0.0063,0.1878,0.053,true,true,ok
101,9,8490101,0.0171,0.2004,0.0542,true,true,ok
101,9,8500101,0.0261,0.1669,0.0903,true,true,ok
101,9,8510101,0.0062,0.072,0.055,true,true,ok
101,9,8520101,0.0048,0.1672,0.0851,true,true,ok
101,9,8530101,0.008,0.2031,0.0615,true,true,ok
101,9,8540101,0.0268,0.1703,0.0522,true,true,ok
101,9,8550101,0.0682,0.2173,0.0525,true,true,ok
101,9,8560101,0.0116,0.1283,0.0538,true,true,ok
101,9,8570101,0.018,0.1685,0.0519,true,true,ok
101,9,8580101,0.0119,0.1933,0.0739,true,true,ok
101,9,8590101,0.0185,0.1244,0.0494,true,true,ok
101,9,8600101,0.0219,0.2164,0.0857,true,true,ok
101,9,8610101,0.0061,0.1102,0.0508,true,true,ok
101,9,8620101,0.0283,0.1104,0.0564,true,true,ok
101,9,8630101,0.0101,0.1755,0.0828,true,true,ok
101,9,8640101,0.0265,0.1273,0.0914,true,true,ok
101,9,8650101,0.0096,0.2166,0.1061,true,true,ok
101,9,8660101,0.0138,0.1442,0.0525,true,true,ok
101,9,8670101,0.0248,0.2299,0.0925,true,true,ok
101,9,8680101,0.0124,0.0996,0.0529,true,true,ok
101,9,8690101,0.0128,0.3095,0.0541,true,true,ok
101,9,8700101,0.0129,0.2274,0.0574,true,true,ok
101,9,8710101,0.0111,0.1292,0.0496,true,true,ok
101,9,8720101,0.0059,0.165,0.048,true,true,ok
101,9,8730101,0.0126,0.1652,0.0538,true,true,ok
101,9,8740101,0.0137,0.1304,0.1047,true,true,ok
101,9,8750101,0.0083,0.1173,0.0496,true,true,ok
101,9,8760101,0.02,0.1128,0.09,true,true,ok
101,9,8770101,0.0634,0.1391,0.0531,true,true,ok
101,9,8780101,0.0496,0.1831,0.0571,true,true,ok
101,9,8790101,0.0093,0.2202,0.0568,true,true,ok
101,9,8800101,0.0214,0.1922,0.0529,true,true,ok
101,9,8810101,0.0169,0.3054,0.0898,true,true,ok
101,9,8820101,0.0079,0.1864,0.0493,true,true,ok
101,9,8830101,0.0375,0.1931,0.0496,true,true,ok
101,9,8840101,0.0169,0.1153,0.0826,true,true,ok
101,9,8850101,0.0608,0.1637,0.0515,true,true,ok
101,9,8860101,0.0086,0.1428,0.0622,true,true,ok
101,9,8870101,0.0958,0.2506,0.0581,true,true,ok
101,9,8880101,0.02,0.0905,0.0902,true,true,ok
101,9,8890101,0.032,0.1162,0.0544,true,true,ok
101,9,8900101,0.0102,0.1977,0.0513,true,true,ok
101,9,8910101,0.0197,0.0921,0.0908,true,true,ok
101,9,8920101,0.0229,0.0637,0.0688,true,true,ok
101,9,8930101,0.0085,0.1639,0.0608,true,true,ok
101,9,8940101,0.0187,0.1,0.0528,true,true,ok
101,9,8950101,0.0287,0.1725,0.0691,true,true,ok
101,9,8960101,0.0102,0.2705,0.0499,true,true,ok
101,9,8970101,0.0244,0.2013,0.0567,true,true,ok
101,9,8980101,0.0171,0.1838,0.0559,true,true,ok
101,9,8990101,0.0282,0.0918,0.0779,true,true,ok
101,9,9000101,0.0149,0.1025,0.06,true,true,ok
200,2,8010200,0.0082,2.3448,0.2049,true,true,ok
200,2,8020200,0.0078,3.2219,0.2225,true,true,ok
200,2,8030200,0.0042,0.1611,0.2476,true,true,ok
200,2,8040200,0.0075,2.4402,0.2255,true,true,ok
200,2,8050200,0.0067,0.1515,0.237,true,true,ok
200,2,8060200,0.0123,2.7367,0.2191,true,true,ok
200,2,8070200,0.0059,0.1787,0.244,true,true,ok
200,2,8080200,0.0094,2.7462,0.2062,true,true,ok
200,2,8090200,0.0042,0.1954,0.2306,true,true,ok
200,2,8100200,0.0037,0.2093,0.2322,true,true,ok
200,2,8110200,0.0083,2.9178,0.2314,true,true,ok
200,2,8120200,0.0128,2.4078,0.2088,true,true,ok
200,2,8130200,0.0065,0.2211,0.2243,true,true,ok
200,2,8140200,0.0067,2.4132,0.2448,true,true,ok
200,2,8150200,0.0105,2.9682,0.2685,true,true,ok
200,2,8160200,0.0074,3.3239,0.215,true,true,ok
200,2,8170200,0.0047,0.1946,0.284,true,true,ok
200,2,8180200,0.0086,2.3863,0.2056,true,true,ok
200,2,8190200,0.0101,3.1725,0.2458,true,true,ok
200,2,8200200,0.0034,0.2572,0.2359,true,true,ok
200,2,8210200,0.0041,0.2288,0.235,true,true,ok
200,2,8220200,0.0036,0.2333,0.2497,true,true,ok
200,2,8230200,0.008,1.9371,0.2556,true,true,ok
200,2,8240200,0.0044,0.1908,0.282,true,true,ok
200,2,8250200,0.0037,0.257,0.2685,true,true,ok
200,2,8260200,0.0072,1.9436,0.2034,true,true,ok
200,2,8270200,0.0072,1.7102,0.2051,true,true,ok
200,2,8280200,0.0066,3.1136,0.2157,true,true,ok
200,2,8290200,0.0036,0.2083,0.2567,true,true,ok
200,2,8300200,0.0069,0.1796,0.2354,true,true,ok
200,2,8310200,0.0034,0.1794,0.2233,true,true,ok
200,2,8320200,0.0126,2.5291,0.2444,true,true,ok
200,2,8330200,0.0039,0.2041,0.2303,true,true,ok
200,2,8340200,0.007,0.1462,0.2458,true,true,ok
200,2,8350200,0.014,2.0228,0.2875,true,true,ok
200,2,8360200,0.0042,0.158,0.2419,true,true,ok
200,2,8370200,0.0043,0.2148,0.2769,true,true,ok
200,2,8380200,0.0064,3.5383,0.2192,true,true,ok
200,2,8390200,0.0067,2.382,0.259,true,true,ok
200,2,8400200,0.0038,0.1885,0.2251,true,true,ok
200,2,8410200,0.0087,2.3854,0.2671,true,true,ok
200,2,8420200,0.0069,0.1784,0.2938,true,true,ok
200,2,8430200,0.0063,0.2741,0.271,true,true,ok
200,2,8440200,0.0042,0.1054,0.235,true,true,ok
200,2,8450200,0.0068,0.23,0.2384,true,true,ok
200,2,8460200,0.0083,0.1738,0.2856,true,true,ok
200,2,8470200,0.004,0.2377,0.2375,true,true,ok
200,2,8480200,0.0038,0.2056,0.2273,true,true,ok
200,2,8490200,0.0074,2.5876,0.2085,true,true,ok
200,2,8500200,0.0066,0.1375,0.2292,true,true,ok
200,2,8510200,0.0036,0.1834,0.2302,true,true,ok
200,2,8520200,0.0068,2.6766,0.2104,true,true,ok
200,2,8530200,0.0108,1.9822,0.1996,true,true,ok
200,2,8540200,0.0035,0.1724,0.236,true,true,ok
200,2,8550200,0.004,0.2082,0.2888,true,true,ok
200,2,8560200,0.0037,0.1743,0.2341,true,true,ok
200,2,8570200,0.0037,0.1904,0.2299,true,true,ok
200,2,8580200,0.0064,0.1588,0.2318,true,true,ok
200,2,8590200,0.0074,1.9183,0.2555,true,true,ok
200,2,8600200,0.0039,0.1804,0.3128,true,true,ok
200,2,8610200,0.0134,2.4426,0.2054,true,true,ok
200,2,8620200,0.0064,2.5312,0.2054,true,true,ok
200,2,8630200,0.0067,0.2274,0.2342,true,true,ok
200,2,8640200,0.0062,0.1039,0.2244,true,true,ok
200,2,8650200,0.0064,2.6863,0.2113,true,true,ok
200,2,8660200,0.0073,2.0615,0.2031,true,true,ok
200,2,8670200,0.0083,1.4494,0.199,true,true,ok
200,2,8680200,0.0069,2.5236,0.2032,true,true,ok
200,2,8690200,0.007,2.2964,0.2046,true,true,ok
200,2,8700200,0.0041,0.1658,0.2255,true,true,ok
200,2,8710200,0.0036,0.2007,0.224,true,true,ok
200,2,8720200,0.0068,0.2505,0.2988,true,true,ok
200,2,8730200,0.0069,2.0409,0.2007,true,true,ok
200,2,8740200,0.0034,0.1211,0.227,true,true,ok
200,2,8750200,0.0065,0.2288,0.2311,true,true,ok
200,2,8760200,0.0068,2.0823,0.2034,true,true,ok
200,2,8770200,0.0076,2.583,0.2083,true,true,ok
200,2,8780200,0.0036,0.128,0.2243,true,true,ok
200,2,8790200,0.004,0.2227,0.2319,true,true,ok
200,2,8800200,0.0037,0.1026,0.2244,true,true,ok
200,2,8810200,0.0066,0.15,0.2285,true,true,ok
200,2,8820200,0.0039,0.12,0.256,true,true,ok
200,2,8830200,0.0077,2.215,0.2055,true,true,ok
200,2,8840200,0.0071,1.8148,0.1971,true,true,ok
200,2,8850200,0.0036,0.1497,0.2273,true,true,ok
200,2,8860200,0.0063,2.7234,0.2084,true,true,ok
200,2,8870200,0.0036,0.1211,0.2755,true,true,ok
200,2,8880200,0.0086,2.0963,0.2469,true,true,ok
200,2,8890200,0.006,3.0468,0.2159,true,true,ok
200,2,8900200,0.0036,0.1214,0.2341,true,true,ok
200,2,8910200,0.0097,2.2754,0.2019,true,true,ok
200,2,8920200,0.008,1.9946,0.1962,true,true,ok
200,2,8930200,0.0037,0.1626,0.2259,true,true,ok
200,2,8940200,0.0037,0.1006,0.2255,true,true,ok
200,2,8950200,0.0068,2.0185,0.203,true,true,ok
200,2,8960200,0.0078,1.5964,0.1972,true,true,ok
200,2,8970200,0.007,2.6345,0.2093,true,true,ok
200,2,8980200,0.0047,0.1257,0.2411,true,true,ok
200,2,8990200,0.0039,0.1531,0.2268,true,true,ok
200,2,9000200,0.0038,0.128,0.2328,true,true,ok
200,5,8010200,0.0064,0.3566,0.3709,true,true,ok
200,5,8020200,0.0067,0.3314,0.3237,true,true,ok
200,5,8030200,0.0124,0.2879,0.2788,true,true,ok
200,5,8040200,0.0143,0.3111,0.3049,true,true,ok
200,5,8050200,0.0117,0.4064,0.2849,true,true,ok
200,5,8060200,0.0151,0.2544,0.2816,true,true,ok
200,5,8070200,0.0198,0.2048,0.3109,true,true,ok
200,5,8080200,0.0137,0.2765,0.343,true,true,ok
200,5,8090200,0.0316,0.3305,0.3427,true,true,ok
200,5,8100200,0.0161,0.4106,0.3466,true,true,ok
200,5,8110200,0.0238,0.3137,0.3118,true,true,ok
200,5,8120200,0.0196,0.197,0.2644,true,true,ok
200,5,8130200,0.0122,0.1937,0.3026,true,true,ok
200,5,8140200,0.0117,0.2302,0.3094,true,true,ok
200,5,8150200,0.0106,0.3069,0.2961,true,true,ok
200,5,8160200,0.0252,0.3784,0.2993,true,true,ok
200,5,8170200,0.0065,0.371,0.3699,true,true,ok
200,5,8180200,0.0117,0.2917,0.3048,true,true,ok
200,5,8190200,0.011,0.3642,0.2865,true,true,ok
200,5,8200200,0.0182,0.2285,0.2879,true,true,ok
200,5,8210200,0.0206,0.2374,0.3571,true,true,ok
200,5,8220200,0.0132,0.2857,0.3448,true,true,ok
200,5,8230200,0.0066,0.2657,0.296,true,true,ok
200,5,8240200,0.0107,0.331,0.2718,true,true,ok
200,5,8250200,0.0084,0.3467,0.3054,true,true,ok
200,5,8260200,0.0138,0.2607,0.3199,true,true,ok
200,5,8270200,0.0141,0.3463,0.3436,true,true,ok
200,5,8280200,0.0067,0.2696,0.3701,true,true,ok
200,5,8290200,0.011,0.2003,0.2403,true,true,ok
200,5,8300200,0.0081,0.2475,0.3027,true,true,ok
200,5,8310200,0.0219,0.3456,0.2915,true,true,ok
200,5,8320200,0.0126,0.2935,0.2789,true,true,ok
200,5,8330200,0.0145,0.3458,0.2859,true,true,ok
200,5,8340200,0.0134,0.2594,0.2958,true,true,ok
200,5,8350200,0.0065,0.2583,0.3734,true,true,ok
200,5,8360200,0.013,0.2754,0.2906,true,true,ok
200,5,8370200,0.0334,0.3446,0.2995,true,true,ok
200,5,8380200,0.0067,0.3264,0.3345,true,true,ok
200,5,8390200,0.029,0.2419,0.2824,true,true,ok
200,5,8400200,0.0107,0.2962,0.2841,true,true,ok
200,5,8410200,0.0128,0.2874,0.294,true,true,ok
200,5,8420200,0.0175,0.2586,0.2973,true,true,ok
200,5,8430200,0.0634,0.3978,0.2912,true,true,ok
200,5,8440200,0.023,0.3026,0.2976,true,true,ok
200,5,8450200,0.0168,0.315,0.3472,true,true,ok
200,5,8460200,0.0135,0.202,0.3698,true,true,ok
200,5,8470200,0.0072,0.3455,0.2929,true,true,ok
200,5,8480200,0.0244,0.3636,0.3961,true,true,ok
200,5,8490200,0.0194,0.3095,0.3226,true,true,ok
200,5,8500200,0.0109,0.3066,0.2907,true,true,ok
200,5,8510200,0.0184,0.3518,0.2913,true,true,ok
200,5,8520200,0.0118,0.2548,0.2979,true,true,ok
200,5,8530200,0.0083,0.2371,0.2841,true,true,ok
200,5,8540200,0.015,0.286,0.3179,true,true,ok
200,5,8550200,0.0359,0.2731,0.3076,true,true,ok
200,5,8560200,0.0198,0.2942,0.3051,true,true,ok
200,5,8570200,0.0149,0.2626,0.2792,true,true,ok
200,5,8580200,0.0226,0.2955,0.3079,true,true,ok
200,5,8590200,0.1037,0.3216,0.2821,true,true,ok
200,5,8600200,0.02,0.2795,0.3174,true,true,ok
200,5,8610200,0.0109,0.2329,0.3023,true,true,ok
200,5,8620200,0.0159,0.2108,0.3018,true,true,ok
200,5,8630200,0.0083,0.2614,0.3085,true,true,ok
200,5,8640200,0.014,0.331,0.3025,true,true,ok
200,5,8650200,0.0078,0.259,0.3509,true,true,ok
200,5,8660200,0.0128,0.3134,0.2746,true,true,ok
200,5,8670200,0.0068,0.2826,0.2993,true,true,ok
200,5,8680200,0.0101,0.2888,0.3036,true,true,ok
200,5,8690200,0.0152,0.2314,0.3282,true,true,ok
200,5,8700200,0.0079,0.2629,0.423,true,true,ok
200,5,8710200,0.0277,0.443,0.3134,true,true,ok
200,5,8720200,0.0057,0.2528,0.273,true,true,ok
200,5,8730200,0.0179,0.2897,0.2941,true,true,ok
200,5,8740200,0.0137,0.3267,0.2916,true,true,ok
200,5,8750200,0.0103,0.282,0.2835,true,true,ok
200,5,8760200,0.0074,0.2097,0.3013,true,true,ok
200,5,8770200,0.0144,0.3226,0.3111,true,true,ok
200,5,8780200,0.0216,0.2252,0.3083,true,true,ok
200,5,8790200,0.0109,0.3398,0.3709,true,true,ok
200,5,8800200,0.0104,0.2801,0.3055,true,true,ok
200,5,8810200,0.0111,0.3052,0.2879,true,true,ok
200,5,8820200,0.0349,0.2861,0.333,true,true,ok
200,5,8830200,0.0116,0.2865,0.2953,true,true,ok
200,5,8840200,0.01,0.2436,0.3293,true,true,ok
200,5,8850200,0.0233,0.2197,0.2932,true,true,ok
200,5,8860200,0.0124,0.3752,0.3106,true,true,ok
200,5,8870200,0.008,0.2452,0.3582,true,true,ok
200,5,8880200,0.0108,0.3162,0.2692,true,true,ok
200,5,8890200,0.0126,0.2948,0.2977,true,true,ok
200,5,8900200,0.0101,0.29,0.3457,true,true,ok
200,5,8910200,0.0239,0.3117,0.2711,true,true,ok
200,5,8920200,0.0064,0.2014,0.3535,true,true,ok
200,5,8930200,0.0129,0.2704,0.2758,true,true,ok
200,5,8940200,0.0164,0.2745,0.3,true,true,ok
200,5,8950200,0.017,0.2503,0.3455,true,true,ok
200,5,8960200,0.0075,0.2341,0.2852,true,true,ok
200,5,8970200,0.0131,0.2253,0.263,true,true,ok
200,5,8980200,0.0131,0.2857,0.3541,true,true,ok
200,5,8990200,0.0106,0.2725,0.2924,true,true,ok
200,5,9000200,0.0136,0.2798,0.2908,true,true,ok
200,9,8010200,0.2347,0.4051,0.2861,true,true,ok
200,9,8020200,0.0144,0.3791,0.311,true,true,ok
200,9,8030200,0.0139,0.5469,0.3008,true,true,ok
200,9,8040200,0.0153,0.4184,0.3534,true,true,ok
200,9,8050200,0.0169,0.5154,0.3606,true,true,ok
200,9,8060200,0.0194,0.3559,0.3098,true,true,ok
200,9,8070200,0.0136,0.6256,0.2891,true,true,ok
200,9,8080200,0.0099,0.4058,0.2758,true,true,ok
200,9,8090200,0.2071,0.5864,0.2774,true,true,ok
200,9,8100200,0.0092,0.3556,0.3137,true,true,ok
200,9,8110200,0.0114,0.3861,0.3142,true,true,ok
200,9,8120200,0.0089,0.3692,0.3369,true,true,ok
200,9,8130200,0.0219,0.4285,0.2985,true,true,ok
200,9,8140200,0.0523,0.9392,0.3047,true,true,ok
200,9,8150200,0.0184,0.4423,0.349,true,true,ok
200,9,8160200,0.0086,0.3936,0.3322,true,true,ok
200,9,8170200,0.0106,0.4004,0.3491,true,true,ok
200,9,8180200,0.0126,0.5025,0.3054,true,true,ok
200,9,8190200,0.0136,0.3822,0.3069,true,true,ok
200,9,8200200,0.0145,0.4516,0.3162,true,true,ok
200,9,8210200,0.024,0.5029,0.3697,true,true,ok
200,9,8220200,0.0151,0.4638,0.3441,true,true,ok
200,9,8230200,0.0091,0.4335,0.3616,true,true,ok
200,9,8240200,0.0228,0.3799,0.3332,true,true,ok
200,9,8250200,0.0278,0.3851,0.3041,true,true,ok
200,9,8260200,0.0154,0.5234,0.3848,true,true,ok
200,9,8270200,0.0184,0.3752,0.2969,true,true,ok
200,9,8280200,0.0152,0.5039,0.3516,true,true,ok
200,9,8290200,0.012,0.3769,0.3412,true,true,ok
200,9,8300200,0.011,0.3603,0.2877,true,true,ok
200,9,8310200,0.0184,0.5202,0.2976,true,true,ok
200,9,8320200,0.1234,0.4336,0.2831,true,true,ok
200,9,8330200,0.0278,0.3556,0.3616,true,true,ok
200,9,8340200,0.014,0.5088,0.2825,true,true,ok
200,9,8350200,0.1569,0.3687,0.2706,true,true,ok
200,9,8360200,0.0084,0.371,0.3224,true,true,ok
200,9,8370200,0.0128,0.377,0.2893,true,true,ok
200,9,8380200,0.0079,0.4243,0.3447,true,true,ok
200,9,8390200,0.2623,0.4669,0.2782,true,true,ok
200,9,8400200,0.0084,0.3766,0.2865,true,true,ok
200,9,8410200,0.0093,0.3358,0.2937,true,true,ok
200,9,8420200,0.0094,0.5217,0.2925,true,true,ok
200,9,8430200,0.0181,0.4194,0.3078,true,true,ok
200,9,8440200,0.015,0.5526,0.365,true,true,ok
200,9,8450200,0.0146,0.2884,0.2955,true,true,ok
200,9,8460200,0.0165,0.5429,0.2836,true,true,ok
200,9,8470200,0.0089,0.3394,0.3062,true,true,ok
200,9,8480200,0.0164,0.4361,0.3193,true,true,ok
200,9,8490200,0.0115,0.335,0.2828,true,true,ok
200,9,8500200,0.0116,0.4138,0.2866,true,true,ok
200,9,8510200,0.0257,0.4088,0.2872,true,true,ok
200,9,8520200,0.0212,0.3893,0.3556,true,true,ok
200,9,8530200,0.0092,0.4175,0.3249,true,true,ok
200,9,8540200,0.0094,0.3363,0.3048,true,true,ok
200,9,8550200,0.0086,0.4292,0.2792,true,true,ok
200,9,8560200,0.0075,0.4132,0.2785,true,true,ok
200,9,8570200,0.0086,0.3776,0.2898,true,true,ok
200,9,8580200,0.0077,0.4225,0.2921,true,true,ok
200,9,8590200,0.008,0.32,0.2995,true,true,ok
200,9,8600200,0.009,0.3627,0.3299,true,true,ok
200,9,8610200,0.012,0.4598,0.289,true,true,ok
200,9,8620200,0.0205,0.4316,0.2828,true,true,ok
200,9,8630200,0.0086,0.3372,0.2848,true,true,ok
200,9,8640200,0.0088,0.4437,0.3667,true,true,ok
200,9,8650200,0.0158,0.2233,0.2953,true,true,ok
200,9,8660200,0.0111,0.4347,0.2943,true,true,ok
200,9,8670200,0.0094,0.3041,0.2744,true,true,ok
200,9,8680200,0.0076,0.3583,0.3008,true,true,ok
200,9,8690200,0.0091,0.3684,0.2576,true,true,ok
200,9,8700200,0.0296,0.3431,0.292,true,true,ok
200,9,8710200,0.0165,0.356,0.28,true,true,ok
200,9,8720200,0.0287,0.3807,0.2785,true,true,ok
200,9,8730200,0.0119,0.4025,0.2914,true,true,ok
200,9,8740200,0.0081,0.3253,0.266,true,true,ok
200,9,8750200,0.0081,0.3077,0.2942,true,true,ok
200,9,8760200,0.0102,0.4513,0.3001,true,true,ok
200,9,8770200,0.0165,0.2624,0.2721,true,true,ok
200,9,8780200,0.0093,0.3421,0.2816,true,true,ok
200,9,8790200,0.0302,0.3227,0.2859,true,true,ok
200,9,8800200,0.0161,0.3588,0.3021,true,true,ok
200,9,8810200,0.1415,0.2642,0.2958,true,true,ok
200,9,8820200,0.0078,0.3714,0.281,true,true,ok
200,9,8830200,0.0094,0.2841,0.2896,true,true,ok
200,9,8840200,0.0147,0.3796,0.2751,true,true,ok
200,9,8850200,0.0126,0.3036,0.2563,true,true,ok
200,9,8860200,0.0144,0.2836,0.2734,true,true,ok
200,9,8870200,0.0159,0.3017,0.2799,true,true,ok
200,9,8880200,0.0171,0.3128,0.2647,true,true,ok
200,9,8890200,0.0263,0.3846,0.2717,true,true,ok
200,9,8900200,0.0095,0.3048,0.2806,true,true,ok
200,9,8910200,0.0137,0.2833,0.2662,true,true,ok
200,9,8920200,0.0143,0.3381,0.3141,true,true,ok
200,9,8930200,0.0156,0.269,0.2913,true,true,ok
200,9,8940200,0.0181,0.4324,0.2942,true,true,ok
200,9,8950200,0.0076,0.3094,0.2943,true,true,ok
200,9,8960200,0.0519,0.8191,0.3113,true,true,ok
200,9,8970200,0.0079,0.2201,0.2744,true,true,ok
200,9,8980200,0.0085,0.2996,0.2712,true,true,ok
200,9,8990200,0.0137,0.3458,0.3516,true,true,ok
200,9,9000200,0.0129,0.303,0.2764,true,true,ok
201,2,8010201,0.0091,0.2189,0.2318,true,true,ok
201,2,8020201,0.0086,0.1546,0.3143,true,true,ok
201,2,8030201,0.0089,0.2309,0.3792,true,true,ok
201,2,8040201,0.0047,0.1685,0.2298,true,true,ok
201,2,8050201,0.0066,0.1618,0.2294,true,true,ok
201,2,8060201,0.0072,0.1792,0.2302,true,true,ok
201,2,8070201,0.0126,0.1949,0.2869,true,true,ok
201,2,8080201,0.0079,0.1731,0.2234,true,true,ok
201,2,8090201,0.0042,0.1816,0.2308,true,true,ok
201,2,8100201,0.017,0.1647,0.2835,true,true,ok
201,2,8110201,0.0069,0.1939,0.233,true,true,ok
201,2,8120201,0.008,0.1728,0.2928,true,true,ok
201,2,8130201,0.0074,0.1449,0.2878,true,true,ok
201,2,8140201,0.0129,0.1434,0.2829,true,true,ok
201,2,8150201,0.0037,0.1474,0.2341,true,true,ok
201,2,8160201,0.007,0.247,0.2838,true,true,ok
201,2,8170201,0.0073,0.2084,0.2829,true,true,ok
201,2,8180201,0.008,0.1987,0.2797,true,true,ok
201,2,8190201,0.0156,0.2487,0.2811,true,true,ok
201,2,8200201,0.0078,0.2243,0.3231,true,true,ok
201,2,8210201,0.0086,0.1553,0.3388,true,true,ok
201,2,8220201,0.0086,0.1804,0.2873,true,true,ok
201,2,8230201,0.0073,0.2523,0.3365,true,true,ok
201,2,8240201,0.0042,0.1895,0.2272,true,true,ok
201,2,8250201,0.0084,0.2231,0.2918,true,true,ok
201,2,8260201,0.0067,0.1487,0.2846,true,true,ok
201,2,8270201,0.0072,0.2047,0.2817,true,true,ok
201,2,8280201,0.0071,0.1726,0.2463,true,true,ok
201,2,8290201,0.0075,0.1662,0.2302,true,true,ok
201,2,8300201,0.0052,0.1288,0.275,true,true,ok
201,2,8310201,0.005,0.1805,0.2289,true,true,ok
201,2,8320201,0.0082,0.2699,0.2909,true,true,ok
201,2,8330201,0.0113,0.2454,0.3171,true,true,ok
201,2,8340201,0.0128,0.2307,0.3576,true,true,ok
201,2,8350201,0.0136,0.2001,0.279,true,true,ok
201,2,8360201,0.014,0.2081,0.3698,true,true,ok
201,2,8370201,0.0166,0.1782,0.2818,true,true,ok
201,2,8380201,0.0143,0.195,0.2795,true,true,ok
201,2,8390201,0.0056,0.1486,0.2281,true,true,ok
201,2,8400201,0.0047,0.1625,0.2313,true,true,ok
201,2,8410201,0.0085,0.1732,0.2297,true,true,ok
201,2,8420201,0.0129,0.2438,0.317,true,true,ok
201,2,8430201,0.0042,0.1705,0.2351,true,true,ok
201,2,8440201,0.0069,0.258,0.3215,true,true,ok
201,2,8450201,0.0047,0.1497,0.2316,true,true,ok
201,2,8460201,0.0069,0.1599,0.3,true,true,ok
201,2,8470201,0.0077,0.1725,0.2806,true,true,ok
201,2,8480201,0.004,0.2135,0.2272,true,true,ok
201,2,8490201,0.0153,0.2461,0.2824,true,true,ok
201,2,8500201,0.0139,0.2555,0.3316,true,true,ok
201,2,8510201,0.0078,0.2355,0.2822,true,true,ok
201,2,8520201,0.01,0.1812,0.2523,true,true,ok
201,2,8530201,0.0057,0.1665,0.2279,true,true,ok
201,2,8540201,0.006,0.1502,0.2891,true,true,ok
201,2,8550201,0.0087,0.1995,0.3452,true,true,ok
201,2,8560201,0.008,0.1929,0.2859,true,true,ok
201,2,8570201,0.0094,0.2771,0.2897,true,true,ok
201,2,8580201,0.0096,0.1646,0.2876,true,true,ok
201,2,8590201,0.0126,0.2226,0.3104,true,true,ok
201,2,8600201,0.0076,0.1846,0.2841,true,true,ok
201,2,8610201,0.0043,0.1505,0.2309,true,true,ok
201,2,8620201,0.0126,0.1976,0.2866,true,true,ok
201,2,8630201,0.0045,0.1479,0.276,true,true,ok
201,2,8640201,0.0039,0.2455,0.2289,true,true,ok
201,2,8650201,0.0057,0.2057,0.2345,true,true,ok
201,2,8660201,0.008,0.2499,0.2931,true,true,ok
201,2,8670201,0.0126,0.2267,0.2813,true,true,ok
201,2,8680201,0.0078,0.2134,0.2831,true,true,ok
201,2,8690201,0.0048,0.3083,0.3047,true,true,ok
201,2,8700201,0.0076,0.1694,0.2298,true,true,ok
201,2,8710201,0.0103,0.1976,0.328,true,true,ok
201,2,8720201,0.0064,0.1974,0.239,true,true,ok
201,2,8730201,0.0144,0.2118,0.3058,true,true,ok
201,2,8740201,0.0099,0.1932,0.3723,true,true,ok
201,2,8750201,0.0115,0.2041,0.2824,true,true,ok
201,2,8760201,0.0076,0.1662,0.2336,true,true,ok
201,2,8770201,0.0086,0.1463,0.3355,true,true,ok
201,2,8780201,0.0081,0.1673,0.2818,true,true,ok
201,2,8790201,0.0064,0.1447,0.2295,true,true,ok
201,2,8800201,0.0075,0.2342,0.3433,true,true,ok
201,2,8810201,0.0071,0.2074,0.3544,true,true,ok
201,2,8820201,0.0081,0.2487,0.3429,true,true,ok
201,2,8830201,0.0077,0.2261,0.2331,true,true,ok
201,2,8840201,0.0106,0.2312,0.3382,true,true,ok
201,2,8850201,0.0096,0.1225,0.3086,true,true,ok
201,2,8860201,0.0408,0.3142,0.2805,true,true,ok
201,2,8870201,0.0093,0.1773,0.2822,true,true,ok
201,2,8880201,0.0077,0.2024,0.2808,true,true,ok
201,2,8890201,0.0076,0.3069,0.3216,true,true,ok
201,2,8900201,0.0076,0.2327,0.2798,true,true,ok
201,2,8910201,0.0049,0.1676,0.2303,true,true,ok
201,2,8920201,0.0132,0.2194,0.2891,true,true,ok
201,2,8930201,0.007,0.1701,0.3593,true,true,ok
201,2,8940201,0.0132,0.1161,0.2802,true,true,ok
201,2,8950201,0.0085,0.1477,0.2988,true,true,ok
201,2,8960201,0.0051,0.2077,0.2376,true,true,ok
201,2,8970201,0.0072,0.1718,0.2811,true,true,ok
201,2,8980201,0.0079,0.1765,0.282,true,true,ok
201,2,8990201,0.0112,0.2375,0.2844,true,true,ok
201,2,9000201,0.0045,0.2309,0.2297,true,true,ok
201,5,8010201,0.0076,0.3896,0.4711,true,true,ok
201,5,8020201,0.0083,0.1908,0.3872,true,true,ok
201,5,8030201,0.0125,0.3949,0.4074,true,true,ok
201,5,8040201,0.0073,0.3133,0.4261,true,true,ok
201,5,8050201,0.01,0.5255,0.4587,true,true,ok
201,5,8060201,0.0077,0.3007,0.3929,true,true,ok
201,5,8070201,0.0081,0.3943,0.3829,true,true,ok
201,5,8080201,0.0216,0.3001,0.3805,true,true,ok
201,5,8090201,0.0115,0.2723,0.4176,true,true,ok
201,5,8100201,0.0143,0.2656,0.3835,true,true,ok
201,5,8110201,0.0096,0.3628,0.3864,true,true,ok
201,5,8120201,0.0152,0.2539,0.388,true,true,ok
201,5,8130201,0.0166,0.3388,0.3791,true,true,ok
201,5,8140201,0.0094,0.2195,0.371,true,true,ok
201,5,8150201,0.0128,0.2907,0.4708,true,true,ok
201,5,8160201,0.0281,0.3025,0.39,true,true,ok
201,5,8170201,0.021,0.8697,0.4497,true,true,ok
201,5,8180201,0.0097,0.232,0.3833,true,true,ok
201,5,8190201,0.0127,0.2888,0.4232,true,true,ok
201,5,8200201,0.0158,0.242,0.3763,true,true,ok
201,5,8210201,0.0053,0.3331,0.3807,true,true,ok
201,5,8220201,0.0109,0.2745,0.392,true,true,ok
201,5,8230201,0.0221,0.3217,0.3805,true,true,ok
201,5,8240201,0.0248,0.3129,0.3824,true,true,ok
201,5,8250201,0.0102,0.2959,0.3914,true,true,ok
201,5,8260201,0.0076,0.4226,0.3873,true,true,ok
201,5,8270201,0.012,0.3274,0.4389,true,true,ok
201,5,8280201,0.0082,0.3181,0.432,true,true,ok
201,5,8290201,0.0191,0.3049,0.3305,true,true,ok
201,5,8300201,0.0175,0.2682,0.456,true,true,ok
201,5,8310201,0.0159,0.3618,0.4747,true,true,ok
201,5,8320201,0.0139,0.2679,0.4138,true,true,ok
201,5,8330201,0.0128,0.2471,0.4292,true,true,ok
201,5,8340201,0.0102,0.3061,0.4379,true,true,ok
201,5,8350201,0.0144,0.2548,0.411,true,true,ok
201,5,8360201,0.0277,0.2657,0.4714,true,true,ok
201,5,8370201,0.0172,0.2929,0.4744,true,true,ok
201,5,8380201,0.0108,0.2659,0.4455,true,true,ok
201,5,8390201,0.0116,0.2877,0.3814,true,true,ok
201,5,8400201,0.0155,0.3002,0.4326,true,true,ok
201,5,8410201,0.01,0.2946,0.3731,true,true,ok
201,5,8420201,0.0182,0.2354,0.4292,true,true,ok
201,5,8430201,0.0083,0.3577,0.4164,true,true,ok
201,5,8440201,0.0079,0.2301,0.4116,true,true,ok
201,5,8450201,0.014,0.2961,0.3938,true,true,ok
201,5,8460201,0.0119,0.2462,0.4035,true,true,ok
201,5,8470201,0.018,0.3677,0.3881,true,true,ok
201,5,8480201,0.0067,0.3725,0.3963,true,true,ok
201,5,8490201,0.0181,0.3477,0.404,true,true,ok
201,5,8500201,0.008,0.1935,0.4316,true,true,ok
201,5,8510201,0.0161,0.3237,0.4852,true,true,ok
201,5,8520201,0.0082,0.273,0.3934,true,true,ok
201,5,8530201,0.0276,0.2651,0.3975,true,true,ok
201,5,8540201,0.0156,0.276,0.4776,true,true,ok
201,5,8550201,0.0077,0.2814,0.4132,true,true,ok
201,5,8560201,0.0131,0.2887,0.3612,true,true,ok
201,5,8570201,0.0083,0.3225,0.4569,true,true,ok
201,5,8580201,0.1123,1.2327,0.4647,true,true,ok
201,5,8590201,0.0071,0.3794,0.3813,true,true,ok
201,5,8600201,0.0063,0.213,0.4258,true,true,ok
201,5,8610201,0.0204,0.2553,0.4337,true,true,ok
201,5,8620201,0.0231,0.183,0.3689,true,true,ok
201,5,8630201,0.0163,0.3028,0.3959,true,true,ok
201,5,8640201,0.0074,0.2184,0.3688,true,true,ok
201,5,8650201,0.0112,0.2881,0.4255,true,true,ok
201,5,8660201,0.0085,0.1509,0.3802,true,true,ok
201,5,8670201,0.0203,0.2785,0.3851,true,true,ok
201,5,8680201,0.0089,0.2751,0.3759,true,true,ok
201,5,8690201,0.0083,0.2252,0.3633,true,true,ok
201,5,8700201,0.018,0.2209,0.4059,true,true,ok
201,5,8710201,0.0137,0.2486,0.384,true,true,ok
201,5,8720201,0.0084,0.2329,0.3977,true,true,ok
201,5,8730201,0.0152,0.2333,0.4044,true,true,ok
201,5,8740201,0.0115,0.2288,0.4222,true,true,ok
201,5,8750201,0.0063,0.2516,0.3685,true,true,ok
201,5,8760201,0.0102,0.2364,0.4094,true,true,ok
201,5,8770201,0.0117,0.2574,0.4295,true,true,ok
201,5,8780201,0.0073,0.1469,0.3844,true,true,ok
201,5,8790201,0.0168,0.2911,0.3919,true,true,ok
201,5,8800201,0.0195,0.1971,0.3833,true,true,ok
201,5,8810201,0.0154,0.2427,0.369,true,true,ok
201,5,8820201,0.0063,0.1556,0.3955,true,true,ok
201,5,8830201,0.0143,0.2256,0.4105,true,true,ok
201,5,8840201,0.0068,0.2399,0.3828,true,true,ok
201,5,8850201,0.0128,0.2535,0.4342,true,true,ok
201,5,8860201,0.0082,0.1816,0.3901,true,true,ok
201,5,8870201,0.0111,0.1879,0.3688,true,true,ok
201,5,8880201,0.0152,0.2123,0.4293,true,true,ok
201,5,8890201,0.0071,0.2435,0.4003,true,true,ok
201,5,8900201,0.0066,0.2177,0.3824,true,true,ok
201,5,8910201,0.0081,0.2353,0.3813,true,true,ok
201,5,8920201,0.0143,0.1778,0.3849,true,true,ok
201,5,8930201,0.0135,0.2396,0.377,true,true,ok
201,5,8940201,0.0086,0.1492,0.3668,true,true,ok
201,5,8950201,0.0115,0.234,0.4378,true,true,ok
201,5,8960201,0.0072,0.195,0.3636,true,true,ok
201,5,8970201,0.0079,0.3339,0.3886,true,true,ok
201,5,8980201,0.0365,0.1204,0.3784,true,true,ok
201,5,8990201,0.0238,0.2621,0.4549,true,true,ok
201,5,9000201,0.007,0.2232,0.3776,true,true,ok
201,9,8010201,0.0123,0.4892,0.5308,true,true,ok
201,9,8020201,0.0296,0.6215,0.4364,true,true,ok
201,9,8030201,0.0296,0.3848,0.4004,true,true,ok
201,9,8040201,0.0164,0.5298,0.4075,true,true,ok
201,9,8050201,0.0154,0.3838,0.4519,true,true,ok
201,9,8060201,0.0154,0.3628,0.4268,true,true,ok
201,9,8070201,0.0148,0.5727,0.4185,true,true,ok
201,9,8080201,0.0309,0.421,0.4399,true,true,ok
201,9,8090201,0.0145,0.3089,0.3987,true,true,ok
201,9,8100201,0.0127,0.4774,0.458,true,true,ok
201,9,8110201,0.0244,0.337,0.4513,true,true,ok
201,9,8120201,0.0089,0.4996,0.3738,true,true,ok
201,9,8130201,0.0091,0.3962,0.3624,true,true,ok
201,9,8140201,0.0114,0.3559,0.3887,true,true,ok
201,9,8150201,0.0125,0.3718,0.3767,true,true,ok
201,9,8160201,0.019,0.3375,0.3707,true,true,ok
201,9,8170201,0.0189,0.4971,0.3913,true,true,ok
201,9,8180201,0.0213,0.4094,0.357,true,true,ok
201,9,8190201,0.0494,1.2313,0.4351,true,true,ok
201,9,8200201,0.0116,0.4389,0.3845,true,true,ok
201,9,8210201,0.0202,0.4155,0.4309,true,true,ok
201,9,8220201,0.0242,0.4142,0.4326,true,true,ok
201,9,8230201,0.0097,0.3696,0.3965,true,true,ok
201,9,8240201,0.0317,0.4341,0.38,true,true,ok
201,9,8250201,0.0197,0.4458,0.419,true,true,ok
201,9,8260201,0.0105,0.423,0.4078,true,true,ok
201,9,8270201,0.0305,0.3993,0.4107,true,true,ok
201,9,8280201,0.0172,0.3656,0.3687,true,true,ok
201,9,8290201,0.0145,0.3458,0.4476,true,true,ok
201,9,8300201,0.0149,0.4069,0.4225,true,true,ok
201,9,8310201,0.0399,0.3265,0.4613,true,true,ok
201,9,8320201,0.0111,0.4051,0.4014,true,true,ok
201,9,8330201,0.016,0.43,0.4003,true,true,ok
201,9,8340201,0.0093,0.3716,0.3899,true,true,ok
201,9,8350201,0.0136,0.537,0.3962,true,true,ok
201,9,8360201,0.0115,0.4236,0.3577,true,true,ok
201,9,8370201,0.0219,0.585,0.416,true,true,ok
201,9,8380201,0.0154,0.4327,0.4337,true,true,ok
201,9,8390201,0.0193,0.3167,0.4141,true,true,ok
201,9,8400201,0.0421,0.3566,0.4899,true,true,ok
201,9,8410201,0.0099,0.4061,0.3943,true,true,ok
201,9,8420201,0.0198,0.3918,0.4205,true,true,ok
201,9,8430201,0.0182,0.5094,0.4808,true,true,ok
201,9,8440201,0.0119,0.5396,0.4888,true,true,ok
201,9,8450201,0.0297,0.4743,0.4365,true,true,ok
201,9,8460201,0.0108,0.409,0.4349,true,true,ok
201,9,8470201,0.011,0.4255,0.4608,true,true,ok
201,9,8480201,0.0143,0.3455,0.3928,true,true,ok
201,9,8490201,0.0171,0.4029,0.3921,true,true,ok
201,9,8500201,0.016,0.4,0.461,true,true,ok
201,9,8510201,0.0637,0.4688,0.4231,true,true,ok
201,9,8520201,0.0127,0.3816,0.3636,true,true,ok
201,9,8530201,0.0124,0.3805,0.392,true,true,ok
201,9,8540201,0.1159,0.3818,0.4098,true,true,ok
201,9,8550201,0.0213,0.3713,0.5144,true,true,ok
201,9,8560201,0.0376,0.4115,0.4212,true,true,ok
201,9,8570201,0.0159,0.3763,0.4457,true,true,ok
201,9,8580201,0.084,0.3822,0.3722,true,true,ok
201,9,8590201,0.0168,0.4607,0.4236,true,true,ok
201,9,8600201,0.0158,0.3805,0.4163,true,true,ok
201,9,8610201,0.1859,0.4125,0.3721,true,true,ok
201,9,8620201,0.0176,0.3504,0.3931,true,true,ok
201,9,8630201,0.0099,0.4354,0.4779,true,true,ok
201,9,8640201,0.0956,0.3628,0.3922,true,true,ok
201,9,8650201,0.0118,0.461,0.4115,true,true,ok
201,9,8660201,0.0098,0.4325,0.4312,true,true,ok
201,9,8670201,0.0108,0.3747,0.4228,true,true,ok
201,9,8680201,0.0113,0.5313,0.4203,true,true,ok
201,9,8690201,0.0878,0.4826,0.4701,true,true,ok
201,9,8700201,0.0081,0.4079,0.3565,true,true,ok
201,9,8710201,0.4136,0.4714,0.4242,true,true,ok
201,9,8720201,0.0105,0.3888,0.384,true,true,ok
201,9,8730201,0.01,0.351,0.3888,true,true,ok
201,9,8740201,0.0181,0.4449,0.3946,true,true,ok
201,9,8750201,0.0353,0.7684,0.469,true,true,ok
201,9,8760201,0.0168,0.3984,0.4487,true,true,ok
201,9,8770201,0.0757,0.4057,0.3945,true,true,ok
201,9,8780201,0.0105,0.3883,0.423,true,true,ok
201,9,8790201,0.0091,0.4073,0.4157,true,true,ok
201,9,8800201,0.03,0.3051,0.4077,true,true,ok
201,9,8810201,0.0208,0.5203,0.3854,true,true,ok
201,9,8820201,0.0179,0.4082,0.4544,true,true,ok
201,9,8830201,0.0083,0.4031,0.4,true,true,ok
201,9,8840201,0.0327,0.5957,0.4333,true,true,ok
201,9,8850201,0.0146,0.4079,0.4683,true,true,ok
201,9,8860201,0.0782,0.3943,0.4004,true,true,ok
201,9,8870201,0.0093,0.4151,0.5009,true,true,ok
201,9,8880201,0.0995,0.4191,0.5212,true,true,ok
201,9,8890201,0.0251,0.4304,0.387,true,true,ok
201,9,8900201,0.0879,0.432,0.391,true,true,ok
201,9,8910201,0.014,0.3892,0.4278,true,true,ok
201,9,8920201,0.0089,0.4025,0.4111,true,true,ok
201,9,8930201,0.016,0.3311,0.4188,true,true,ok
201,9,8940201,0.0113,0.3859,0.4189,true,true,ok
201,9,8950201,0.011,0.2997,0.4219,true,true,ok
201,9,8960201,0.0163,0.3435,0.3941,true,true,ok
201,9,8970201,0.014,0.4615,0.3867,true,true,ok
201,9,8980201,0.0163,0.3558,0.4291,true,true,ok
201,9,8990201,0.0083,0.3417,0.4271,true,true,ok
201,9,9000201,0.0281,0.9662,0.404,true,true,ok
400,2,8010400,0.0206,17.2646,2.1043,true,true,ok
400,2,8020400,0.0207,17.6856,2.0683,true,true,ok
400,2,8030400,0.0091,0.628,2.4611,true,true,ok
400,2,8040400,0.0084,0.7686,2.4487,true,true,ok
400,2,8050400,0.0364,17.5242,2.3396,true,true,ok
400,2,8060400,0.0194,15.4354,2.1427,true,true,ok
400,2,8070400,0.0083,0.7732,2.403,true,true,ok
400,2,8080400,0.0315,14.6512,2.0762,true,true,ok
400,2,8090400,0.0131,0.7593,2.5114,true,true,ok
400,2,8100400,0.0189,14.5185,2.0934,true,true,ok
400,2,8110400,0.0199,17.6692,2.2871,true,true,ok
400,2,8120400,0.0382,12.4986,2.2874,true,true,ok
400,2,8130400,0.0169,0.721,2.4187,true,true,ok
400,2,8140400,0.0195,16.9651,2.1478,true,true,ok
400,2,8150400,0.0127,0.7218,2.2667,true,true,ok
400,2,8160400,0.0408,16.4161,2.2086,true,true,ok
400,2,8170400,0.0163,0.7091,2.3838,true,true,ok
400,2,8180400,0.0086,0.8363,2.5494,true,true,ok
400,2,8190400,0.0361,17.7175,2.409,true,true,ok
400,2,8200400,0.0173,0.7342,2.3438,true,true,ok
400,2,8210400,0.0143,0.6847,2.17,true,true,ok
400,2,8220400,0.0248,15.6869,2.2888,true,true,ok
400,2,8230400,0.0184,14.6809,2.2302,true,true,ok
400,2,8240400,0.0173,17.4315,2.1714,true,true,ok
400,2,8250400,0.0191,0.8693,2.312,true,true,ok
400,2,8260400,0.0259,20.0476,2.177,true,true,ok
400,2,8270400,0.0401,14.2869,2.3642,true,true,ok
400,2,8280400,0.0208,17.3876,2.4475,true,true,ok
400,2,8290400,0.009,0.7571,2.3109,true,true,ok
400,2,8300400,0.0312,16.4844,2.2642,true,true,ok
400,2,8310400,0.0168,0.937,2.1971,true,true,ok
400,2,8320400,0.0373,22.356,2.5096,true,true,ok
400,2,8330400,0.024,15.8037,2.3233,true,true,ok
400,2,8340400,0.0106,0.7134,2.3361,true,true,ok
400,2,8350400,0.0155,0.5976,2.2047,true,true,ok
400,2,8360400,0.0078,0.6584,2.2335,true,true,ok
400,2,8370400,0.0315,15.833,2.3891,true,true,ok
400,2,8380400,0.0161,0.7999,2.2501,true,true,ok
400,2,8390400,0.0125,0.7021,2.2889,true,true,ok
400,2,8400400,0.0191,14.9234,2.3198,true,true,ok
400,2,8410400,0.0138,0.7293,2.2997,true,true,ok
400,2,8420400,0.0166,17.8743,2.2851,true,true,ok
400,2,8430400,0.0104,0.6947,2.4669,true,true,ok
400,2,8440400,0.0224,16.431,2.0945,true,true,ok
400,2,8450400,0.0237,16.9977,2.3797,true,true,ok
400,2,8460400,0.0252,15.5425,2.326,true,true,ok
400,2,8470400,0.0313,15.5077,2.2586,true,true,ok
400,2,8480400,0.0103,0.7794,2.3577,true,true,ok
400,2,8490400,0.0093,0.7361,2.1878,true,true,ok
400,2,8500400,0.0171,18.6365,2.381,true,true,ok
400,2,8510400,0.0072,0.5929,2.116,true,true,ok
400,2,8520400,0.0089,0.768,2.2923,true,true,ok
400,2,8530400,0.0079,0.6503,2.223,true,true,ok
400,2,8540400,0.026,16.9011,2.1454,true,true,ok
400,2,8550400,0.0086,0.7149,2.196,true,true,ok
400,2,8560400,0.0071,0.742,2.3716,true,true,ok
400,2,8570400,0.0253,15.7924,2.0394,true,true,ok
400,2,8580400,0.0184,15.2589,2.4261,true,true,ok
400,2,8590400,0.0083,0.737,2.3825,true,true,ok
400,2,8600400,0.0222,15.4988,2.0765,true,true,ok
400,2,8610400,0.0318,13.7,1.9642,true,true,ok
400,2,8620400,0.0151,0.8704,2.4624,true,true,ok
400,2,8630400,0.0245,13.7678,2.0537,true,true,ok
400,2,8640400,0.0161,0.7528,2.3356,true,true,ok
400,2,8650400,0.0113,0.6715,2.1065,true,true,ok
400,2,8660400,0.0133,0.6735,2.2976,true,true,ok
400,2,8670400,0.0191,20.3604,2.0461,true,true,ok
400,2,8680400,0.0117,0.761,2.2485,true,true,ok
400,2,8690400,0.0175,20.0898,2.0525,true,true,ok
400,2,8700400,0.0104,0.7695,2.0796,true,true,ok
400,2,8710400,0.0088,0.6517,2.1547,true,true,ok
400,2,8720400,0.0075,0.716,2.2394,true,true,ok
400,2,8730400,0.0178,17.827,2.023,true,true,ok
400,2,8740400,0.0215,20.3103,2.0855,true,true,ok
400,2,8750400,0.019,16.8994,2.3154,true,true,ok
400,2,8760400,0.008,0.6457,2.0779,true,true,ok
400,2,8770400,0.0077,0.6421,2.0717,true,true,ok
400,2,8780400,0.0308,17.4767,2.1579,true,true,ok
400,2,8790400,0.0096,0.5872,2.0359,true,true,ok
400,2,8800400,0.0368,16.4698,1.9891,true,true,ok
400,2,8810400,0.0234,14.0866,1.9499,true,true,ok
400,2,8820400,0.0085,0.685,2.0921,true,true,ok
400,2,8830400,0.0083,0.6073,2.0755,true,true,ok
400,2,8840400,0.0112,0.6803,2.097,true,true,ok
400,2,8850400,0.022,15.7663,1.9938,true,true,ok
400,2,8860400,0.0273,20.9397,2.0895,true,true,ok
400,2,8870400,0.0212,15.731,1.9619,true,true,ok
400,2,8880400,0.0096,0.6434,2.0928,true,true,ok
400,2,8890400,0.0208,14.0077,1.9532,true,true,ok
400,2,8900400,0.0082,0.6086,2.0504,true,true,ok
400,2,8910400,0.0187,19.5101,2.0954,true,true,ok
400,2,8920400,0.0072,0.6304,2.0588,true,true,ok
400,2,8930400,0.0227,16.8405,1.9788,true,true,ok
400,2,8940400,0.0157,0.6345,2.2124,true,true,ok
400,2,8950400,0.0108,0.5553,2.0462,true,true,ok
400,2,8960400,0.0066,0.6124,2.0666,true,true,ok
400,2,8970400,0.0214,13.6862,1.9211,true,true,ok
400,2,8980400,0.0078,0.6115,2.0708,true,true,ok
400,2,8990400,0.0085,0.4831,2.0577,true,true,ok
400,2,9000400,0.023,17.19,1.9857,true,true,ok
400,5,8010400,0.0129,1.0257,2.5577,true,true,ok
400,5,8020400,0.0128,1.1677,2.5018,true,true,ok
400,5,8030400,0.012,1.0703,2.4265,true,true,ok
400,5,8040400,0.012,1.0003,2.4706,true,true,ok
400,5,8050400,0.0135,1.0764,2.5015,true,true,ok
400,5,8060400,0.0203,1.3533,2.283,true,true,ok
400,5,8070400,0.0131,1.1665,2.3878,true,true,ok
400,5,8080400,0.0156,1.0333,2.6274,true,true,ok
400,5,8090400,0.0141,1.1577,2.4957,true,true,ok
400,5,8100400,0.0173,0.8896,2.3542,true,true,ok
400,5,8110400,0.0158,1.1785,2.3345,true,true,ok
400,5,8120400,0.0173,1.1656,2.4733,true,true,ok
400,5,8130400,0.0117,1.0233,2.4835,true,true,ok
400,5,8140400,0.0146,1.2423,2.5222,true,true,ok
400,5,8150400,0.0131,1.0045,2.7537,true,true,ok
400,5,8160400,0.016,0.9884,2.3584,true,true,ok
400,5,8170400,0.0126,1.1394,2.2771,true,true,ok
400,5,8180400,0.0123,0.9951,2.6137,true,true,ok
400,5,8190400,0.016,1.0683,2.49,true,true,ok
400,5,8200400,0.0183,1.0571,2.5177,true,true,ok
400,5,8210400,0.0197,1.2737,2.4358,true,true,ok
400,5,8220400,0.0144,0.9636,2.551,true,true,ok
400,5,8230400,0.0156,1.2684,2.3177,true,true,ok
400,5,8240400,0.0139,1.2122,2.4143,true,true,ok
400,5,8250400,0.0129,1.2591,2.4153,true,true,ok
400,5,8260400,0.0148,1.0552,2.2719,true,true,ok
400,5,8270400,0.0394,1.486,2.3932,true,true,ok
400,5,8280400,0.014,0.9828,2.654,true,true,ok
400,5,8290400,0.016,1.1301,2.4722,true,true,ok
400,5,8300400,0.0157,1.1203,2.4467,true,true,ok
400,5,8310400,0.0123,1.0772,2.5353,true,true,ok
400,5,8320400,0.0169,1.0695,2.4809,true,true,ok
400,5,8330400,0.0162,1.0692,2.2231,true,true,ok
400,5,8340400,0.0226,1.144,2.4,true,true,ok
400,5,8350400,0.0157,1.1094,2.5398,true,true,ok
400,5,8360400,0.0139,1.1156,2.5913,true,true,ok
400,5,8370400,0.0128,1.215,2.5362,true,true,ok
400,5,8380400,0.0133,0.9431,2.7395,true,true,ok
400,5,8390400,0.0116,1.1109,2.5879,true,true,ok
400,5,8400400,0.0234,0.9678,2.5572,true,true,ok
400,5,8410400,0.0151,1.0881,2.4366,true,true,ok
400,5,8420400,0.0124,0.9793,2.4516,true,true,ok
400,5,8430400,0.0129,1.2144,2.7001,true,true,ok
400,5,8440400,0.0135,1.1215,2.4427,true,true,ok
400,5,8450400,0.0179,0.9084,2.6237,true,true,ok
400,5,8460400,0.0176,1.1305,2.3171,true,true,ok
400,5,8470400,0.0146,0.999,2.6056,true,true,ok
400,5,8480400,0.0139,1.083,2.6481,true,true,ok
400,5,8490400,0.0175,1.1049,2.4167,true,true,ok
400,5,8500400,0.0149,1.1829,2.5802,true,true,ok
400,5,8510400,0.0129,1.1477,2.4551,true,true,ok
400,5,8520400,0.0169,1.0187,2.5077,true,true,ok
400,5,8530400,0.0167,1.172,2.5431,true,true,ok
400,5,8540400,0.0139,1.1547,2.416,true,true,ok
400,5,8550400,0.0121,0.999,2.7397,true,true,ok
400,5,8560400,0.0142,1.0199,2.6781,true,true,ok
400,5,8570400,0.0127,1.0836,2.5394,true,true,ok
400,5,8580400,0.0126,1.0332,2.4245,true,true,ok
400,5,8590400,0.0158,1.1451,2.4047,true,true,ok
400,5,8600400,0.0121,1.0045,2.5373,true,true,ok
400,5,8610400,0.0295,1.6831,2.4985,true,true,ok
400,5,8620400,0.0127,1.1756,2.4984,true,true,ok
400,5,8630400,0.0151,0.931,2.4284,true,true,ok
400,5,8640400,0.0125,1.0915,2.4609,true,true,ok
400,5,8650400,0.0223,0.9674,2.4158,true,true,ok
400,5,8660400,0.0117,1.1547,2.5325,true,true,ok
400,5,8670400,0.0229,1.149,2.5686,true,true,ok
400,5,8680400,0.0128,1.1286,2.3896,true,true,ok
400,5,8690400,0.0161,1.0595,2.3949,true,true,ok
400,5,8700400,0.0151,1.0909,2.5614,true,true,ok
400,5,8710400,0.0116,0.9366,2.5874,true,true,ok
400,5,8720400,0.0235,1.2144,2.5807,true,true,ok
400,5,8730400,0.0124,0.9752,2.338,true,true,ok
400,5,8740400,0.0286,1.1831,2.387,true,true,ok
400,5,8750400,0.0163,1.1577,2.316,true,true,ok
400,5,8760400,0.0148,1.0226,2.3427,true,true,ok
400,5,8770400,0.0345,1.0497,2.5793,true,true,ok
400,5,8780400,0.0121,1.1792,2.4999,true,true,ok
400,5,8790400,0.0413,1.5828,2.2897,true,true,ok
400,5,8800400,0.0167,1.2164,2.6424,true,true,ok
400,5,8810400,0.0121,1.0016,2.5501,true,true,ok
400,5,8820400,0.0153,1.017,2.6287,true,true,ok
400,5,8830400,0.0116,1.1638,2.5226,true,true,ok
400,5,8840400,0.0327,1.1757,2.3968,true,true,ok
400,5,8850400,0.0228,1.1619,2.5355,true,true,ok
400,5,8860400,0.022,1.1559,2.5418,true,true,ok
400,5,8870400,0.0153,0.9897,2.4391,true,true,ok
400,5,8880400,0.0135,1.2325,2.3765,true,true,ok
400,5,8890400,0.0141,1.1831,2.4482,true,true,ok
400,5,8900400,0.0122,0.998,2.4573,true,true,ok
400,5,8910400,0.0147,0.922,2.541,true,true,ok
400,5,8920400,0.0183,1.2059,2.3366,true,true,ok
400,5,8930400,0.012,1.1682,2.2388,true,true,ok
400,5,8940400,0.0171,1.008,2.3618,true,true,ok
400,5,8950400,0.0124,1.1117,2.6132,true,true,ok
400,5,8960400,0.0181,0.9349,2.5805,true,true,ok
400,5,8970400,0.012,1.2045,2.407,true,true,ok
400,5,8980400,0.0158,1.0743,2.2989,true,true,ok
400,5,8990400,0.0185,1.0161,2.4185,true,true,ok
400,5,9000400,0.0189,1.0936,2.3158,true,true,ok
400,9,8010400,0.0201,1.604,2.3074,true,true,ok
400,9,8020400,0.0214,1.5653,2.2344,true,true,ok
400,9,8030400,0.0277,1.6562,2.4647,true,true,ok
400,9,8040400,0.0323,1.4319,2.4806,true,true,ok
400,9,8050400,0.0301,1.5241,2.3888,true,true,ok
400,9,8060400,0.0631,2.127,2.305,true,true,ok
400,9,8070400,0.0179,1.5585,2.1911,true,true,ok
400,9,8080400,0.0259,1.7314,2.0843,true,true,ok
400,9,8090400,0.0183,1.4603,2.3852,true,true,ok
400,9,8100400,0.0283,1.3611,2.3382,true,true,ok
400,9,8110400,0.0206,1.3183,2.4319,true,true,ok
400,9,8120400,0.0268,1.5821,2.4426,true,true,ok
400,9,8130400,0.0163,1.6531,2.3154,true,true,ok
400,9,8140400,0.0283,1.5745,2.3939,true,true,ok
400,9,8150400,0.0147,1.4932,2.3706,true,true,ok
400,9,8160400,0.0155,1.6167,2.1876,true,true,ok
400,9,8170400,0.0194,1.5422,2.4773,true,true,ok
400,9,8180400,0.0178,1.66,2.3856,true,true,ok
400,9,8190400,0.0327,1.5338,2.215,true,true,ok
400,9,8200400,0.0261,1.3922,2.5064,true,true,ok
400,9,8210400,0.0178,1.4069,2.5405,true,true,ok
400,9,8220400,0.0179,1.5278,2.5335,true,true,ok
400,9,8230400,0.0163,1.5543,2.4618,true,true,ok
400,9,8240400,0.0191,1.6463,2.2668,true,true,ok
400,9,8250400,0.0175,1.5894,2.3986,true,true,ok
400,9,8260400,0.0405,1.6999,2.547,true,true,ok
400,9,8270400,0.029,1.331,2.0658,true,true,ok
400,9,8280400,0.0187,1.597,2.1898,true,true,ok
400,9,8290400,0.0232,1.7155,2.4822,true,true,ok
400,9,8300400,0.0191,1.6314,2.5832,true,true,ok
400,9,8310400,0.0222,1.329,2.5018,true,true,ok
400,9,8320400,0.0155,1.4695,2.4102,true,true,ok
400,9,8330400,0.0183,1.5282,2.4452,true,true,ok
400,9,8340400,0.0161,1.6095,2.4299,true,true,ok
400,9,8350400,0.0177,1.5705,2.7246,true,true,ok
400,9,8360400,0.015,1.3869,2.7582,true,true,ok
400,9,8370400,0.0485,1.5296,2.3405,true,true,ok
400,9,8380400,0.0159,1.444,2.483,true,true,ok
400,9,8390400,0.0341,1.4322,2.2992,true,true,ok
400,9,8400400,0.0247,1.3979,2.627,true,true,ok
400,9,8410400,0.0163,1.6827,2.4907,true,true,ok
400,9,8420400,0.024,1.5556,2.3862,true,true,ok
400,9,8430400,0.0197,1.6114,2.4193,true,true,ok
400,9,8440400,0.0279,1.4104,2.476,true,true,ok
400,9,8450400,0.0267,1.3892,2.4742,true,true,ok
400,9,8460400,0.0197,1.5543,2.3683,true,true,ok
400,9,8470400,0.0169,1.7279,2.1071,true,true,ok
400,9,8480400,0.0168,1.5861,2.3529,true,true,ok
400,9,8490400,0.0146,1.4474,2.4077,true,true,ok
400,9,8500400,0.0198,1.6953,2.3421,true,true,ok
400,9,8510400,0.1775,2.5452,2.4263,true,true,ok
400,9,8520400,0.0169,1.2002,2.2615,true,true,ok
400,9,8530400,0.0259,1.6783,2.4303,true,true,ok
400,9,8540400,0.023,1.4256,2.4033,true,true,ok
400,9,8550400,0.0274,1.4582,2.4727,true,true,ok
400,9,8560400,0.0295,1.4635,2.3708,true,true,ok
400,9,8570400,0.022,1.4618,2.4996,true,true,ok
400,9,8580400,0.022,1.6601,2.4853,true,true,ok
400,9,8590400,0.0177,1.5279,2.5511,true,true,ok
400,9,8600400,0.0164,1.6013,2.6069,true,true,ok
400,9,8610400,0.0185,1.3296,2.4538,true,true,ok
400,9,8620400,0.0198,1.3083,2.2183,true,true,ok
400,9,8630400,0.0183,1.495,2.3149,true,true,ok
400,9,8640400,0.0161,1.3554,2.1675,true,true,ok
400,9,8650400,0.0197,1.4088,2.6098,true,true,ok
400,9,8660400,0.0244,1.5662,2.0457,true,true,ok
400,9,8670400,0.0481,1.3914,2.2648,true,true,ok
400,9,8680400,0.0167,1.301,2.1355,true,true,ok
400,9,8690400,0.0171,1.7779,2.4803,true,true,ok
400,9,8700400,0.0168,1.3016,2.3431,true,true,ok
400,9,8710400,0.0177,1.4614,2.2397,true,true,ok
400,9,8720400,0.0274,1.398,2.3467,true,true,ok
400,9,8730400,0.0224,1.5873,2.1669,true,true,ok
400,9,8740400,0.0156,1.4135,2.1514,true,true,ok
400,9,8750400,0.0662,2.4639,2.3005,true,true,ok
400,9,8760400,0.0225,1.4179,2.4738,true,true,ok
400,9,8770400,0.0168,1.4118,2.021,true,true,ok
400,9,8780400,0.7508,1.3158,2.3461,true,true,ok
400,9,8790400,0.0157,1.5018,2.339,true,true,ok
400,9,8800400,0.0166,1.1032,2.2723,true,true,ok
400,9,8810400,0.0233,1.4524,2.3217,true,true,ok
400,9,8820400,0.0174,1.2206,2.1861,true,true,ok
400,9,8830400,0.0165,1.3978,2.3759,true,true,ok
400,9,8840400,0.0164,1.2107,2.1738,true,true,ok
400,9,8850400,0.0148,1.3584,2.2453,true,true,ok
400,9,8860400,0.0317,1.3182,2.3721,true,true,ok
400,9,8870400,0.0192,1.355,2.2675,true,true,ok
400,9,8880400,0.016,1.2284,2.1002,true,true,ok
400,9,8890400,0.0157,1.2124,2.3264,true,true,ok
400,9,8900400,0.0152,1.1184,2.3142,true,true,ok
400,9,8910400,0.0266,1.3339,2.2274,true,true,ok
400,9,8920400,0.0337,1.7093,2.3165,true,true,ok
400,9,8930400,0.0169,1.3903,2.2317,true,true,ok
400,9,8940400,0.0161,1.0653,2.2614,true,true,ok
400,9,8950400,0.0293,1.2579,2.2315,true,true,ok
400,9,8960400,0.0283,1.1661,2.0395,true,true,ok
400,9,8970400,0.0156,1.3388,2.0951,true,true,ok
400,9,8980400,0.0173,1.1678,2.2013,true,true,ok
400,9,8990400,0.0282,1.3739,2.2186,true,true,ok
400,9,9000400,0.0277,1.0279,1.9905,true,true,ok
401,2,8010401,0.0186,0.8437,2.435,true,true,ok
401,2,8020401,0.0298,0.9175,3.2595,true,true,ok
401,2,8030401,0.0115,0.8099,2.398,true,true,ok
401,2,8040401,0.0249,0.8223,3.2551,true,true,ok
401,2,8050401,0.0402,0.8768,3.3128,true,true,ok
401,2,8060401,0.0231,0.8375,3.1203,true,true,ok
401,2,8070401,0.0228,0.8497,3.3074,true,true,ok
401,2,8080401,0.0108,0.7806,2.4212,true,true,ok
401,2,8090401,0.0183,0.7799,3.3282,true,true,ok
401,2,8100401,0.0258,0.781,2.861,true,true,ok
401,2,8110401,0.0091,0.7385,2.3551,true,true,ok
401,2,8120401,0.0118,0.7749,2.5796,true,true,ok
401,2,8130401,0.0388,0.9244,3.2277,true,true,ok
401,2,8140401,0.0308,0.8775,3.2884,true,true,ok
401,2,8150401,0.0159,0.7712,2.6091,true,true,ok
401,2,8160401,0.0384,0.8764,2.9511,true,true,ok
401,2,8170401,0.0303,0.837,3.0958,true,true,ok
401,2,8180401,0.0077,0.7472,2.5593,true,true,ok
401,2,8190401,0.0229,0.952,3.1613,true,true,ok
401,2,8200401,0.022,0.8163,3.0829,true,true,ok
401,2,8210401,0.0345,0.8953,3.1291,true,true,ok
401,2,8220401,0.0171,0.7173,2.3508,true,true,ok
401,2,8230401,0.0289,0.8289,2.96,true,true,ok
401,2,8240401,0.0127,0.6966,2.3282,true,true,ok
401,2,8250401,0.0356,0.7902,3.0606,true,true,ok
401,2,8260401,0.0222,0.92,2.9864,true,true,ok
401,2,8270401,0.0384,0.8221,2.8019,true,true,ok
401,2,8280401,0.0281,0.9464,3.137,true,true,ok
401,2,8290401,0.0135,0.8267,2.5173,true,true,ok
401,2,8300401,0.0125,0.7551,2.5311,true,true,ok
401,2,8310401,0.0247,0.9676,3.1798,true,true,ok
401,2,8320401,0.0123,0.727,2.517,true,true,ok
401,2,8330401,0.0261,0.9218,3.3253,true,true,ok
401,2,8340401,0.0212,0.7529,3.0883,true,true,ok
401,2,8350401,0.0331,0.8533,3.302,true,true,ok
401,2,8360401,0.0363,0.9222,2.8529,true,true,ok
401,2,8370401,0.0326,0.8841,3.1156,true,true,ok
401,2,8380401,0.019,0.9794,3.1711,true,true,ok
401,2,8390401,0.0146,0.6909,2.367,true,true,ok
401,2,8400401,0.0424,0.8795,3.1274,true,true,ok
401,2,8410401,0.0235,0.7952,3.6803,true,true,ok
401,2,8420401,0.0178,0.7278,2.624,true,true,ok
401,2,8430401,0.0169,0.7423,2.4386,true,true,ok
401,2,8440401,0.0252,0.8474,3.5276,true,true,ok
401,2,8450401,0.0336,0.9383,3.496,true,true,ok
401,2,8460401,0.0202,0.7677,2.6838,true,true,ok
401,2,8470401,0.0264,0.9095,3.066,true,true,ok
401,2,8480401,0.0254,0.9713,3.303,true,true,ok
401,2,8490401,0.0209,0.8056,3.5772,true,true,ok
401,2,8500401,0.0185,0.7253,2.5816,true,true,ok
401,2,8510401,0.0352,0.9006,3.1661,true,true,ok
401,2,8520401,0.0156,0.6771,2.3478,true,true,ok
401,2,8530401,0.0157,0.7785,2.5834,true,true,ok
401,2,8540401,0.0367,0.8417,3.3714,true,true,ok
401,2,8550401,0.0098,0.7647,2.5264,true,true,ok
401,2,8560401,0.0228,0.7773,3.1657,true,true,ok
401,2,8570401,0.0191,0.6987,2.523,true,true,ok
401,2,8580401,0.0095,0.7558,2.4689,true,true,ok
401,2,8590401,0.0072,0.6918,2.2189,true,true,ok
401,2,8600401,0.02,0.7567,2.6004,true,true,ok
401,2,8610401,0.0228,0.9151,3.3469,true,true,ok
401,2,8620401,0.0159,0.7569,2.3517,true,true,ok
401,2,8630401,0.039,0.7791,2.9299,true,true,ok
401,2,8640401,0.0094,0.7176,2.5298,true,true,ok
401,2,8650401,0.0239,0.7815,3.0269,true,true,ok
401,2,8660401,0.0126,0.7152,2.3537,true,true,ok
401,2,8670401,0.0127,0.6744,2.4153,true,true,ok
401,2,8680401,0.0169,0.647,2.3546,true,true,ok
401,2,8690401,0.0103,0.8185,2.6179,true,true,ok
401,2,8700401,0.0157,0.7769,2.3807,true,true,ok
401,2,8710401,0.0206,0.867,3.2655,true,true,ok
401,2,8720401,0.0253,0.8672,3.1319,true,true,ok
401,2,8730401,0.0238,0.8082,2.8749,true,true,ok
401,2,8740401,0.0106,0.65,2.5028,true,true,ok
401,2,8750401,0.0298,0.8137,3.0891,true,true,ok
401,2,8760401,0.0153,0.7594,2.5412,true,true,ok
401,2,8770401,0.0303,0.7892,3.2036,true,true,ok
401,2,8780401,0.0103,0.7881,2.3856,true,true,ok
401,2,8790401,0.0194,0.9045,3.5271,true,true,ok
401,2,8800401,0.0387,0.8131,3.1854,true,true,ok
401,2,8810401,0.0175,0.6631,2.4644,true,true,ok
401,2,8820401,0.0083,0.745,2.5403,true,true,ok
401,2,8830401,0.0332,0.9381,3.2166,true,true,ok
401,2,8840401,0.0397,0.948,3.0043,true,true,ok
401,2,8850401,0.0219,0.8053,3.0664,true,true,ok
401,2,8860401,0.0375,0.911,3.2783,true,true,ok
401,2,8870401,0.0286,0.9215,3.1982,true,true,ok
401,2,8880401,0.0183,0.7282,2.5471,true,true,ok
401,2,8890401,0.0093,0.7341,2.5082,true,true,ok
401,2,8900401,0.0217,0.8783,3.2287,true,true,ok
401,2,8910401,0.0145,0.7202,2.4514,true,true,ok
401,2,8920401,0.0173,0.8438,3.1243,true,true,ok
401,2,8930401,0.0218,0.8835,3.0754,true,true,ok
401,2,8940401,0.0104,0.6905,2.444,true,true,ok
401,2,8950401,0.009,0.6845,2.414,true,true,ok
401,2,8960401,0.0395,0.8824,3.1321,true,true,ok
401,2,8970401,0.0256,0.6796,2.4115,true,true,ok
401,2,8980401,0.0072,0.6996,2.409,true,true,ok
401,2,8990401,0.0184,0.6521,2.2826,true,true,ok
401,2,9000401,0.0108,0.7098,2.303,true,true,ok
401,5,8010401,0.027,1.0802,3.971,true,true,ok
401,5,8020401,0.0422,1.1485,3.4746,true,true,ok
401,5,8030401,0.0205,1.0579,3.3274,true,true,ok
401,5,8040401,0.0364,1.3878,3.1571,true,true,ok
401,5,8050401,0.0152,1.1257,3.7913,true,true,ok
401,5,8060401,0.0127,1.1754,3.399,true,true,ok
401,5,8070401,0.0166,0.9646,3.1805,true,true,ok
401,5,8080401,0.021,1.2197,3.4789,true,true,ok
401,5,8090401,0.0169,1.3443,3.898,true,true,ok
401,5,8100401,0.0131,1.1479,3.5538,true,true,ok
401,5,8110401,0.0304,1.5424,3.4541,true,true,ok
401,5,8120401,0.0293,1.1228,3.3733,true,true,ok
401,5,8130401,0.0147,1.2767,3.2536,true,true,ok
401,5,8140401,0.0133,1.0143,3.2356,true,true,ok
401,5,8150401,0.0151,1.1814,3.5835,true,true,ok
401,5,8160401,0.0125,1.1176,3.1798,true,true,ok
401,5,8170401,0.0166,1.1485,3.5365,true,true,ok
401,5,8180401,0.0133,1.2005,3.4227,true,true,ok
401,5,8190401,0.0131,1.2332,3.677,true,true,ok
401,5,8200401,0.015,1.0308,3.317,true,true,ok
401,5,8210401,0.0182,1.4708,3.2004,true,true,ok
401,5,8220401,0.0134,1.1208,3.3806,true,true,ok
401,5,8230401,0.0153,1.1121,3.1498,true,true,ok
401,5,8240401,0.0129,1.1684,3.3807,true,true,ok
401,5,8250401,0.0158,1.0883,3.2506,true,true,ok
401,5,8260401,0.0159,1.1189,3.1549,true,true,ok
401,5,8270401,0.013,0.9081,3.1223,true,true,ok
401,5,8280401,0.0251,1.0851,3.2682,true,true,ok
401,5,8290401,0.0142,1.1572,3.0881,true,true,ok
401,5,8300401,0.0134,1.2524,3.5126,true,true,ok
401,5,8310401,0.0158,1.2096,3.4989,true,true,ok
401,5,8320401,0.0129,1.1379,3.2757,true,true,ok
401,5,8330401,0.0131,1.0956,3.4514,true,true,ok
401,5,8340401,0.0164,1.1377,3.6064,true,true,ok
401,5,8350401,0.0135,1.1435,3.2552,true,true,ok
401,5,8360401,0.0129,0.9586,3.6039,true,true,ok
401,5,8370401,0.0147,1.0566,3.5396,true,true,ok
401,5,8380401,0.0216,1.1614,3.2454,true,true,ok
401,5,8390401,0.0131,1.2832,4.0622,true,true,ok
401,5,8400401,0.0212,1.1969,3.7311,true,true,ok
401,5,8410401,0.0244,1.2515,3.3879,true,true,ok
401,5,8420401,0.0173,1.0517,3.2298,true,true,ok
401,5,8430401,0.0124,1.2347,3.5615,true,true,ok
401,5,8440401,0.0155,1.1977,3.5388,true,true,ok
401,5,8450401,0.0532,1.2063,3.5665,true,true,ok
401,5,8460401,0.0148,1.2127,3.3142,true,true,ok
401,5,8470401,0.0139,1.2561,3.3431,true,true,ok
401,5,8480401,0.0167,1.1963,3.7626,true,true,ok
401,5,8490401,0.015,1.0548,3.488,true,true,ok
401,5,8500401,0.0122,1.0982,3.4442,true,true,ok
401,5,8510401,0.0133,1.0158,3.5186,true,true,ok
401,5,8520401,0.0132,1.065,3.3366,true,true,ok
401,5,8530401,0.0131,1.1685,3.8647,true,true,ok
401,5,8540401,0.0145,1.1843,3.4648,true,true,ok
401,5,8550401,0.0133,1.0392,3.4744,true,true,ok
401,5,8560401,0.0152,0.9654,3.2651,true,true,ok
401,5,8570401,0.0135,1.2734,3.6402,true,true,ok
401,5,8580401,0.013,1.2678,3.5697,true,true,ok
401,5,8590401,0.0165,1.2466,3.6035,true,true,ok
401,5,8600401,0.013,1.0294,3.4647,true,true,ok
401,5,8610401,0.0299,1.3809,3.8559,true,true,ok
401,5,8620401,0.0173,0.9858,3.1948,true,true,ok
401,5,8630401,0.0129,0.998,3.1029,true,true,ok
401,5,8640401,0.0243,1.1009,3.2739,true,true,ok
401,5,8650401,0.0123,0.9496,3.2364,true,true,ok
401,5,8660401,0.0129,1.3425,3.5644,true,true,ok
401,5,8670401,0.0118,0.8516,2.9679,true,true,ok
401,5,8680401,0.0172,1.0977,3.211,true,true,ok
401,5,8690401,0.0146,0.8983,2.8717,true,true,ok
401,5,8700401,0.0156,1.0226,3.4264,true,true,ok
401,5,8710401,0.0125,0.9604,3.2465,true,true,ok
401,5,8720401,0.013,1.0927,3.1045,true,true,ok
401,5,8730401,0.0171,1.0913,3.3191,true,true,ok
401,5,8740401,0.0129,1.0136,3.2856,true,true,ok
401,5,8750401,0.0241,1.0556,3.3319,true,true,ok
401,5,8760401,0.015,1.1108,3.3588,true,true,ok
401,5,8770401,0.0125,1.0795,3.3777,true,true,ok
401,5,8780401,0.0131,0.9503,3.2421,true,true,ok
401,5,8790401,0.0138,0.968,3.1416,true,true,ok
401,5,8800401,0.0158,1.0234,3.1849,true,true,ok
401,5,8810401,0.0159,0.8395,3.0015,true,true,ok
401,5,8820401,0.0143,0.9664,3.1865,true,true,ok
401,5,8830401,0.0145,0.8391,2.9163,true,true,ok
401,5,8840401,0.0163,0.9672,3.0346,true,true,ok
401,5,8850401,0.0261,0.8621,3.1011,true,true,ok
401,5,8860401,0.0147,0.9217,2.9471,true,true,ok
401,5,8870401,0.0155,0.9506,3.0393,true,true,ok
401,5,8880401,0.0126,1.011,3.4342,true,true,ok
401,5,8890401,0.0156,0.8656,2.8629,true,true,ok
401,5,8900401,0.0139,0.9353,2.9965,true,true,ok
401,5,8910401,0.0134,0.8367,2.9518,true,true,ok
401,5,8920401,0.0129,1.0009,3.1197,true,true,ok
401,5,8930401,0.0143,1.0987,3.1974,true,true,ok
401,5,8940401,0.0158,0.9502,3.0632,true,true,ok
401,5,8950401,0.0159,0.8041,2.8637,true,true,ok
401,5,8960401,0.0146,1.0231,3.2234,true,true,ok
401,5,8970401,0.0128,0.761,3.1942,true,true,ok
401,5,8980401,0.0132,1.0833,3.3135,true,true,ok
401,5,8990401,0.014,0.9747,2.9354,true,true,ok
401,5,9000401,0.0153,0.9894,3.0931,true,true,ok
401,9,8010401,0.0181,1.593,3.6528,true,true,ok
401,9,8020401,0.0158,1.5653,3.5006,true,true,ok
401,9,8030401,0.0234,1.4368,3.7216,true,true,ok
401,9,8040401,0.0209,1.6534,3.7407,true,true,ok
401,9,8050401,0.0166,1.4512,3.3297,true,true,ok
401,9,8060401,0.4228,1.5904,4.0618,true,true,ok
401,9,8070401,0.324,1.4949,3.4721,true,true,ok
401,9,8080401,0.0221,1.466,3.4442,true,true,ok
401,9,8090401,0.0166,1.3053,3.4172,true,true,ok
401,9,8100401,0.0381,1.4931,3.7334,true,true,ok
401,9,8110401,0.0204,1.5374,3.4779,true,true,ok
401,9,8120401,0.0197,1.4536,3.4238,true,true,ok
401,9,8130401,0.0196,1.6052,3.5954,true,true,ok
401,9,8140401,0.0293,1.4982,3.6407,true,true,ok
401,9,8150401,0.0517,1.7203,3.6707,true,true,ok
401,9,8160401,0.0284,1.7433,3.8724,true,true,ok
401,9,8170401,0.0202,1.4254,3.5458,true,true,ok
401,9,8180401,0.0399,1.487,3.393,true,true,ok
401,9,8190401,0.0231,1.2777,3.1619,true,true,ok
401,9,8200401,0.0545,1.7979,3.2756,true,true,ok
401,9,8210401,0.0951,1.3947,3.5892,true,true,ok
401,9,8220401,0.0174,1.6034,3.788,true,true,ok
401,9,8230401,0.0174,1.3842,3.4065,true,true,ok
401,9,8240401,0.0304,1.6737,3.426,true,true,ok
401,9,8250401,0.0166,1.4857,3.3523,true,true,ok
401,9,8260401,0.0172,1.403,3.5164,true,true,ok
401,9,8270401,0.0297,1.5396,3.4656,true,true,ok
401,9,8280401,0.2881,1.3559,3.194,true,true,ok
401,9,8290401,0.0178,1.6854,3.3167,true,true,ok
401,9,8300401,0.0171,1.5474,3.7756,true,true,ok
401,9,8310401,0.4117,1.6126,3.5017,true,true,ok
401,9,8320401,0.3264,1.361,3.4715,true,true,ok
401,9,8330401,0.0619,1.5357,3.6551,true,true,ok
401,9,8340401,0.0194,1.4481,3.3179,true,true,ok
401,9,8350401,0.0184,1.3888,3.8146,true,true,ok
401,9,8360401,0.0353,1.9808,3.448,true,true,ok
401,9,8370401,0.0217,1.451,3.3255,true,true,ok
401,9,8380401,0.0252,1.7067,3.5541,true,true,ok
401,9,8390401,0.3184,1.469,3.4178,true,true,ok
401,9,8400401,0.02,1.69,3.4471,true,true,ok
401,9,8410401,0.0255,1.4714,3.5063,true,true,ok
401,9,8420401,0.0254,1.2946,3.2422,true,true,ok
401,9,8430401,0.0162,1.4519,3.2449,true,true,ok
401,9,8440401,0.0267,1.4012,3.187,true,true,ok
401,9,8450401,0.0919,2.4661,3.314,true,true,ok
401,9,8460401,0.0183,1.6101,3.4962,true,true,ok
401,9,8470401,0.0195,1.4574,3.5945,true,true,ok
401,9,8480401,0.028,1.4712,3.607,true,true,ok
401,9,8490401,0.0533,2.6903,3.6953,true,true,ok
401,9,8500401,0.0225,1.313,3.2573,true,true,ok
401,9,8510401,0.0189,1.5456,3.4566,true,true,ok
401,9,8520401,0.0275,1.5019,3.473,true,true,ok
401,9,8530401,0.0699,2.1358,3.5966,true,true,ok
401,9,8540401,0.0222,1.6261,3.4683,true,true,ok
401,9,8550401,0.0228,1.5428,3.6005,true,true,ok
401,9,8560401,0.0169,1.389,3.2919,true,true,ok
401,9,8570401,0.0639,1.5528,3.6839,true,true,ok
401,9,8580401,0.0177,1.542,3.4004,true,true,ok
401,9,8590401,0.0338,1.3854,3.2284,true,true,ok
401,9,8600401,0.0161,1.477,3.5234,true,true,ok
401,9,8610401,0.0255,1.5834,3.7047,true,true,ok
401,9,8620401,0.0187,1.2497,3.505,true,true,ok
401,9,8630401,0.0632,1.471,3.3983,true,true,ok
401,9,8640401,0.0192,1.5794,3.4656,true,true,ok
401,9,8650401,0.0222,1.2535,3.2427,true,true,ok
401,9,8660401,0.0435,1.5235,3.3206,true,true,ok
401,9,8670401,0.1085,1.6061,3.5154,true,true,ok
401,9,8680401,0.0204,1.618,3.7208,true,true,ok
401,9,8690401,0.027,1.9491,3.2382,true,true,ok
401,9,8700401,0.029,1.4935,3.3883,true,true,ok
401,9,8710401,0.0171,1.4898,3.3619,true,true,ok
401,9,8720401,0.0182,1.6563,3.3319,true,true,ok
401,9,8730401,0.0541,2.6165,3.2963,true,true,ok
401,9,8740401,0.0171,1.4966,3.3464,true,true,ok
401,9,8750401,0.0594,1.2845,3.322,true,true,ok
401,9,8760401,0.0246,1.3095,3.4287,true,true,ok
401,9,8770401,0.022,1.5897,3.554,true,true,ok
401,9,8780401,0.0438,1.3826,3.5851,true,true,ok
401,9,8790401,0.0261,1.6454,3.8507,true,true,ok
401,9,8800401,1.251,1.3567,3.7012,true,true,ok
401,9,8810401,0.061,1.4979,3.5523,true,true,ok
401,9,8820401,0.0558,1.3895,3.4147,true,true,ok
401,9,8830401,0.0175,1.5671,3.9823,true,true,ok
401,9,8840401,0.0526,1.3519,3.5775,true,true,ok
401,9,8850401,0.0176,1.317,3.4303,true,true,ok
401,9,8860401,0.034,1.6018,3.6685,true,true,ok
401,9,8870401,0.0218,1.3602,3.4292,true,true,ok
401,9,8880401,0.018,1.5164,3.4435,true,true,ok
401,9,8890401,0.0239,1.4848,3.4447,true,true,ok
401,9,8900401,0.0184,1.6667,3.7578,true,true,ok
401,9,8910401,0.0177,1.4875,3.3085,true,true,ok
401,9,8920401,0.0288,1.4565,3.4361,true,true,ok
401,9,8930401,0.0271,1.4825,3.4725,true,true,ok
401,9,8940401,0.0249,1.3835,3.4321,true,true,ok
401,9,8950401,0.0195,1.2659,3.5396,true,true,ok
401,9,8960401,0.0221,1.4193,3.2643,true,true,ok
401,9,8970401,0.029,1.3857,3.367,true,true,ok
401,9,8980401,0.051,1.3015,3.3617,true,true,ok
401,9,8990401,0.0263,1.3802,3.5663,true,true,ok
401,9,9000401,0.017,1.4701,3.4229,true,true,ok
600,2,8010600,0.0644,55.3167,8.6969,true,true,ok
600,2,8020600,0.0174,1.6664,9.0558,true,true,ok
600,2,8030600,0.047,50.3987,9.0331,true,true,ok
600,2,8040600,0.0414,47.2153,9.5355,true,true,ok
600,2,8050600,0.013,1.4944,8.8532,true,true,ok
600,2,8060600,0.0647,49.7671,9.0676,true,true,ok
600,2,8070600,0.0151,1.6185,9.0578,true,true,ok
600,2,8080600,0.0345,64.2932,9.747,true,true,ok
600,2,8090600,0.0396,56.7896,9.0161,true,true,ok
600,2,8100600,0.0411,49.4002,9.9473,true,true,ok
600,2,8110600,0.0596,47.8003,9.4415,true,true,ok
600,2,8120600,0.0165,1.6016,9.2332,true,true,ok
600,2,8130600,0.0159,1.6356,8.7469,true,true,ok
600,2,8140600,0.0202,1.7072,9.8936,true,true,ok
600,2,8150600,0.0494,43.1192,9.1781,true,true,ok
600,2,8160600,0.0386,68.018,8.9707,true,true,ok
600,2,8170600,0.0166,1.6365,9.2911,true,true,ok
600,2,8180600,0.0273,1.6116,9.1711,true,true,ok
600,2,8190600,0.0224,1.6951,8.7399,true,true,ok
600,2,8200600,0.0372,60.3696,9.0497,true,true,ok
600,2,8210600,0.0135,1.7518,8.9476,true,true,ok
600,2,8220600,0.0577,58.6033,9.2305,true,true,ok
600,2,8230600,0.0132,1.6462,9.9285,true,true,ok
600,2,8240600,0.0277,1.5226,9.0197,true,true,ok
600,2,8250600,0.0134,1.7189,8.7804,true,true,ok
600,2,8260600,0.0335,62.1802,9.743,true,true,ok
600,2,8270600,0.0277,1.6812,8.4068,true,true,ok
600,2,8280600,0.0213,1.5772,9.0389,true,true,ok
600,2,8290600,0.0136,1.6261,8.0192,true,true,ok
600,2,8300600,0.0144,1.7511,9.8785,true,true,ok
600,2,8310600,0.0231,1.7405,9.8361,true,true,ok
600,2,8320600,0.0237,1.613,8.6588,true,true,ok
600,2,8330600,0.0166,1.6958,8.4305,true,true,ok
600,2,8340600,0.0157,1.5749,8.85,true,true,ok
600,2,8350600,0.0189,1.6299,8.317,true,true,ok
600,2,8360600,0.0158,1.6746,8.9851,true,true,ok
600,2,8370600,0.0354,60.265,8.9672,true,true,ok
600,2,8380600,0.0625,54.9474,8.4162,true,true,ok
600,2,8390600,0.0431,43.9296,9.9261,true,true,ok
600,2,8400600,0.0467,62.3741,8.9472,true,true,ok
600,2,8410600,0.0127,1.6277,8.8912,true,true,ok
600,2,8420600,0.0496,55.8092,8.4615,true,true,ok
600,2,8430600,0.0218,1.6358,9.0892,true,true,ok
600,2,8440600,0.0455,53.6039,8.6544,true,true,ok
600,2,8450600,0.0495,62.9421,10.9951,true,true,ok
600,2,8460600,0.0418,56.9768,9.897,true,true,ok
600,2,8470600,0.0422,63.2424,8.844,true,true,ok
600,2,8480600,0.0236,1.5087,8.6189,true,true,ok
600,2,8490600,0.0564,48.8019,9.6576,true,true,ok
600,2,8500600,0.0464,55.5126,8.9522,true,true,ok
600,2,8510600,0.0433,44.4228,10.9334,true,true,ok
600,2,8520600,0.012,1.7104,9.2663,true,true,ok
600,2,8530600,0.0388,60.5339,9.1296,true,true,ok
600,2,8540600,0.0514,55.6909,7.8634,true,true,ok
600,2,8550600,0.0419,46.9309,9.9484,true,true,ok
600,2,8560600,0.0167,1.5476,8.5181,true,true,ok
600,2,8570600,0.0711,51.7422,9.1314,true,true,ok
600,2,8580600,0.0458,58.8284,9.2428,true,true,ok
600,2,8590600,0.0225,1.6627,8.5823,true,true,ok
600,2,8600600,0.0157,1.753,8.9839,true,true,ok
600,2,8610600,0.0159,1.7956,9.8926,true,true,ok
600,2,8620600,0.0463,55.5727,9.2935,true,true,ok
600,2,8630600,0.0166,1.6017,7.7707,true,true,ok
600,2,8640600,0.0413,62.2457,7.2893,true,true,ok
600,2,8650600,0.0201,1.7556,8.4208,true,true,ok
600,2,8660600,0.0149,1.5556,7.383,true,true,ok
600,2,8670600,0.0408,49.699,8.2322,true,true,ok
600,2,8680600,0.0372,49.155,7.8567,true,true,ok
600,2,8690600,0.0139,1.6776,8.2204,true,true,ok
600,2,8700600,0.0543,43.3688,6.6581,true,true,ok
600,2,8710600,0.0197,1.6274,9.307,true,true,ok
600,2,8720600,0.0117,1.4509,8.2137,true,true,ok
600,2,8730600,0.0467,52.1824,7.7254,true,true,ok
600,2,8740600,0.0164,1.4244,7.1043,true,true,ok
600,2,8750600,0.0371,56.3357,8.0482,true,true,ok
600,2,8760600,0.0357,57.7906,7.1598,true,true,ok
600,2,8770600,0.0446,55.997,7.1599,true,true,ok
600,2,8780600,0.0136,1.6439,8.406,true,true,ok
600,2,8790600,0.018,1.5678,7.376,true,true,ok
600,2,8800600,0.0111,1.5579,7.7159,true,true,ok
600,2,8810600,0.0167,1.5347,8.3262,true,true,ok
600,2,8820600,0.0149,1.4704,6.9466,true,true,ok
600,2,8830600,0.0364,59.1205,7.7688,true,true,ok
600,2,8840600,0.0324,58.5595,6.7566,true,true,ok
600,2,8850600,0.0417,61.3063,7.6375,true,true,ok
600,2,8860600,0.0379,43.8345,6.4518,true,true,ok
600,2,8870600,0.0383,54.1849,7.3692,true,true,ok
600,2,8880600,0.0124,1.4663,7.6836,true,true,ok
600,2,8890600,0.0144,1.562,7.4322,true,true,ok
600,2,8900600,0.0115,1.4033,6.9243,true,true,ok
600,2,8910600,0.0156,1.4747,7.6109,true,true,ok
600,2,8920600,0.0356,59.4941,7.0622,true,true,ok
600,2,8930600,0.0418,45.5583,6.5764,true,true,ok
600,2,8940600,0.0143,1.5023,7.1748,true,true,ok
600,2,8950600,0.0138,1.611,7.4292,true,true,ok
600,2,8960600,0.0108,1.3889,6.8293,true,true,ok
600,2,8970600,0.0136,1.5892,7.2944,true,true,ok
600,2,8980600,0.0155,1.427,6.8819,true,true,ok
600,2,8990600,0.0156,1.5008,7.2971,true,true,ok
600,2,9000600,0.0339,53.3197,6.3501,true,true,ok
600,5,8010600,0.0262,2.5138,8.2585,true,true,ok
600,5,8020600,0.0209,2.6249,8.5794,true,true,ok
600,5,8030600,0.0205,2.6394,7.7353,true,true,ok
600,5,8040600,0.0388,2.4405,8.3769,true,true,ok
600,5,8050600,0.0252,2.5893,9.4775,true,true,ok
600,5,8060600,0.0231,2.5833,8.0965,true,true,ok
600,5,8070600,0.0276,2.502,8.5441,true,true,ok
600,5,8080600,0.0213,2.4201,8.982,true,true,ok
600,5,8090600,0.0277,2.0942,8.6173,true,true,ok
600,5,8100600,0.0231,2.5128,9.497,true,true,ok
600,5,8110600,0.0208,2.5322,8.5161,true,true,ok
600,5,8120600,0.0248,2.4741,8.3301,true,true,ok
600,5,8130600,0.0239,2.5803,7.3622,true,true,ok
600,5,8140600,0.0218,2.6086,7.9427,true,true,ok
600,5,8150600,0.031,2.4618,8.3126,true,true,ok
600,5,8160600,0.0201,2.5069,9.571,true,true,ok
600,5,8170600,0.0331,2.6365,8.5461,true,true,ok
600,5,8180600,0.0188,2.3417,8.5755,true,true,ok
600,5,8190600,0.0279,2.5343,8.3775,true,true,ok
600,5,8200600,0.0253,2.5105,8.638,true,true,ok
600,5,8210600,0.0224,2.5326,7.9088,true,true,ok
600,5,8220600,0.0255,2.4932,8.4666,true,true,ok
600,5,8230600,0.0266,2.5266,8.3874,true,true,ok
600,5,8240600,0.0197,2.4852,8.5716,true,true,ok
600,5,8250600,0.0218,2.2535,8.5375,true,true,ok
600,5,8260600,0.019,2.3997,9.322,true,true,ok
600,5,8270600,0.0202,2.0979,9.4565,true,true,ok
600,5,8280600,0.0189,2.2593,8.2136,true,true,ok
600,5,8290600,0.0203,2.3936,8.9733,true,true,ok
600,5,8300600,0.0202,2.3977,8.6725,true,true,ok
600,5,8310600,0.0209,2.59,8.7714,true,true,ok
600,5,8320600,0.02,2.2338,8.4912,true,true,ok
600,5,8330600,0.0241,2.36,9.4981,true,true,ok
600,5,8340600,0.0244,2.6209,8.7567,true,true,ok
600,5,8350600,0.0209,2.4824,9.2793,true,true,ok
600,5,8360600,0.0251,2.378,8.0818,true,true,ok
600,5,8370600,0.0336,2.2675,8.623,true,true,ok
600,5,8380600,0.0209,2.5819,8.8043,true,true,ok
600,5,8390600,0.0207,2.5474,8.7435,true,true,ok
600,5,8400600,0.0224,2.409,9.2584,true,true,ok
600,5,8410600,0.0263,2.5332,9.1767,true,true,ok
600,5,8420600,0.0193,2.3027,8.9567,true,true,ok
600,5,8430600,0.0279,2.2396,8.7286,true,true,ok
600,5,8440600,0.0218,2.1461,9.2683,true,true,ok
600,5,8450600,0.022,2.4935,8.6023,true,true,ok
600,5,8460600,0.0229,2.5796,9.0202,true,true,ok
600,5,8470600,0.0217,2.7646,8.3991,true,true,ok
600,5,8480600,0.0209,2.7583,8.6455,true,true,ok
600,5,8490600,0.0256,2.2504,9.3743,true,true,ok
600,5,8500600,0.0299,2.5574,9.0626,true,true,ok
600,5,8510600,0.0191,2.195,9.3005,true,true,ok
600,5,8520600,0.0197,2.4191,9.3641,true,true,ok
600,5,8530600,0.1214,10.782,8.6135,true,true,ok
600,5,8540600,0.018,2.3961,8.9589,true,true,ok
600,5,8550600,0.0245,2.5448,8.6484,true,true,ok
600,5,8560600,0.0259,2.6949,9.0787,true,true,ok
600,5,8570600,0.0319,2.7297,8.2872,true,true,ok
600,5,8580600,0.0232,2.4179,8.6247,true,true,ok
600,5,8590600,0.0246,2.6465,8.1688,true,true,ok
600,5,8600600,0.0198,2.3237,9.1027,true,true,ok
600,5,8610600,0.0214,2.5177,8.8489,true,true,ok
600,5,8620600,0.0287,2.6762,9.0222,true,true,ok
600,5,8630600,0.0258,2.4937,8.8691,true,true,ok
600,5,8640600,0.0253,2.5667,8.3228,true,true,ok
600,5,8650600,0.0188,2.4278,9.1062,true,true,ok
600,5,8660600,0.0224,2.2964,8.6811,true,true,ok
600,5,8670600,0.0234,2.2117,8.7322,true,true,ok
600,5,8680600,0.0184,2.5364,9.2179,true,true,ok
600,5,8690600,0.0226,2.5417,9.0643,true,true,ok
600,5,8700600,0.0193,2.4119,9.1917,true,true,ok
600,5,8710600,0.0257,2.0825,8.6382,true,true,ok
600,5,8720600,0.0206,2.7895,8.6636,true,true,ok
600,5,8730600,0.0853,5.2935,8.957,true,true,ok
600,5,8740600,0.0302,2.4598,9.0365,true,true,ok
600,5,8750600,0.0251,2.542,8.7297,true,true,ok
600,5,8760600,0.0233,2.7471,8.9401,true,true,ok
600,5,8770600,0.0254,2.6203,8.0781,true,true,ok
600,5,8780600,0.0261,2.557,8.7133,true,true,ok
600,5,8790600,0.0254,2.5843,9.237,true,true,ok
600,5,8800600,0.0218,2.2881,9.1765,true,true,ok
600,5,8810600,0.0213,2.4981,8.677,true,true,ok
600,5,8820600,0.0231,2.3344,9.3625,true,true,ok
600,5,8830600,0.0224,2.4323,7.8314,true,true,ok
600,5,8840600,0.0182,2.3474,9.523,true,true,ok
600,5,8850600,0.0317,2.4402,8.7879,true,true,ok
600,5,8860600,0.0209,2.4192,8.9578,true,true,ok
600,5,8870600,0.0192,2.3191,8.4817,true,true,ok
600,5,8880600,0.0206,2.4771,8.375,true,true,ok
600,5,8890600,0.0333,2.1979,9.1224,true,true,ok
600,5,8900600,0.0365,2.2644,9.1936,true,true,ok
600,5,8910600,0.0353,2.1917,9.1331,true,true,ok
600,5,8920600,0.0241,2.467,9.0736,true,true,ok
600,5,8930600,0.0187,2.5233,8.881,true,true,ok
600,5,8940600,0.0198,2.5003,9.1406,true,true,ok
600,5,8950600,0.0199,2.6397,9.2256,true,true,ok
600,5,8960600,0.02,2.2813,9.1471,true,true,ok
600,5,8970600,0.0287,2.3948,9.1318,true,true,ok
600,5,8980600,0.0199,2.2079,8.6641,true,true,ok
600,5,8990600,0.0297,2.6988,7.654,true,true,ok
600,5,9000600,0.0228,2.3193,8.7917,true,true,ok
600,9,8010600,0.0787,3.405,8.0527,true,true,ok
600,9,8020600,0.0333,3.6284,8.6642,true,true,ok
600,9,8030600,0.0306,3.2327,8.3445,true,true,ok
600,9,8040600,0.0232,3.4001,8.9423,true,true,ok
600,9,8050600,0.042,3.6369,8.2491,true,true,ok
600,9,8060600,0.0385,3.3507,8.6442,true,true,ok
600,9,8070600,3.523,3.3128,8.36,true,true,ok
600,9,8080600,0.0507,3.4181,8.641,true,true,ok
600,9,8090600,0.0282,3.6311,8.1724,true,true,ok
600,9,8100600,0.0298,2.9789,8.8307,true,true,ok
600,9,8110600,0.0306,2.925,8.7168,true,true,ok
600,9,8120600,0.0433,3.1267,8.3436,true,true,ok
600,9,8130600,0.0256,3.3919,8.968,true,true,ok
600,9,8140600,0.0251,3.8132,9.205,true,true,ok
600,9,8150600,1.5425,3.7396,8.0233,true,true,ok
600,9,8160600,0.0356,3.5741,9.1,true,true,ok
600,9,8170600,1.5962,3.5195,8.7967,true,true,ok
600,9,8180600,0.0327,3.2538,8.9725,true,true,ok
600,9,8190600,0.0241,2.871,8.9825,true,true,ok
600,9,8200600,0.0279,3.2267,8.6891,true,true,ok
600,9,8210600,0.0322,3.4069,8.2112,true,true,ok
600,9,8220600,0.0245,3.3296,8.937,true,true,ok
600,9,8230600,0.0369,3.0039,8.6879,true,true,ok
600,9,8240600,0.0255,3.193,9.0202,true,true,ok
600,9,8250600,0.0467,3.2719,7.9322,true,true,ok
600,9,8260600,0.0542,3.2699,8.4788,true,true,ok
600,9,8270600,0.0393,3.1834,8.7788,true,true,ok
600,9,8280600,0.0271,3.608,8.2898,true,true,ok
600,9,8290600,0.0295,3.3225,8.7754,true,true,ok
600,9,8300600,0.0295,3.1249,8.1918,true,true,ok
600,9,8310600,0.0318,3.7043,8.2475,true,true,ok
600,9,8320600,0.0279,3.7007,8.9655,true,true,ok
600,9,8330600,0.0298,3.466,8.6648,true,true,ok
600,9,8340600,0.0292,3.0584,8.5968,true,true,ok
600,9,8350600,0.0385,3.0644,8.1185,true,true,ok
600,9,8360600,0.0376,3.2397,8.9113,true,true,ok
600,9,8370600,0.0387,3.5674,8.2491,true,true,ok
600,9,8380600,0.0376,3.2077,8.5375,true,true,ok
600,9,8390600,0.0302,3.2887,8.6848,true,true,ok
600,9,8400600,0.0505,3.2486,8.8428,true,true,ok
600,9,8410600,0.0487,3.106,8.759,true,true,ok
600,9,8420600,0.056,3.3548,8.4133,true,true,ok
600,9,8430600,0.0333,3.8289,7.9764,true,true,ok
600,9,8440600,0.0274,2.9331,9.0377,true,true,ok
600,9,8450600,0.0266,3.7893,8.52,true,true,ok
600,9,8460600,0.0296,3.3075,8.9566,true,true,ok
600,9,8470600,0.0298,3.1672,9.1602,true,true,ok
600,9,8480600,0.0353,2.8021,9.1476,true,true,ok
600,9,8490600,0.0274,3.4226,8.6069,true,true,ok
600,9,8500600,0.0272,3.8387,8.2166,true,true,ok
600,9,8510600,0.0294,3.2772,8.5954,true,true,ok
600,9,8520600,0.0365,3.5157,8.2412,true,true,ok
600,9,8530600,0.0303,3.4,9.1644,true,true,ok
600,9,8540600,0.0367,3.323,8.4771,true,true,ok
600,9,8550600,0.0296,3.1091,8.0865,true,true,ok
600,9,8560600,0.0309,3.5878,8.6112,true,true,ok
600,9,8570600,0.0266,3.0004,8.1206,true,true,ok
600,9,8580600,0.0505,3.2416,8.2871,true,true,ok
600,9,8590600,0.0254,3.0074,8.918,true,true,ok
600,9,8600600,0.0311,3.4125,8.2415,true,true,ok
600,9,8610600,0.031,3.2414,8.8859,true,true,ok
600,9,8620600,0.466,5.2378,7.8506,true,true,ok
600,9,8630600,0.0288,3.5986,8.59,true,true,ok
600,9,8640600,0.4056,4.4801,8.7343,true,true,ok
600,9,8650600,0.0303,3.2878,7.969,true,true,ok
600,9,8660600,0.0556,3.4035,8.439,true,true,ok
600,9,8670600,0.0367,2.8966,8.1295,true,true,ok
600,9,8680600,0.0325,3.1746,9.0838,true,true,ok
600,9,8690600,0.029,2.9998,8.3786,true,true,ok
600,9,8700600,0.0516,3.1265,9.1213,true,true,ok
600,9,8710600,0.0304,2.9377,8.5253,true,true,ok
600,9,8720600,0.0342,3.5656,8.4777,true,true,ok
600,9,8730600,0.0256,3.0021,8.456,true,true,ok
600,9,8740600,0.0285,3.0993,8.5657,true,true,ok
600,9,8750600,0.0393,2.8548,8.6803,true,true,ok
600,9,8760600,0.0315,2.9766,7.902,true,true,ok
600,9,8770600,0.0301,2.9291,7.9499,true,true,ok
600,9,8780600,0.0441,3.2241,8.3523,true,true,ok
600,9,8790600,0.0259,3.5441,8.0927,true,true,ok
600,9,8800600,0.0486,3.2605,8.1859,true,true,ok
600,9,8810600,0.0254,2.8103,8.483,true,true,ok
600,9,8820600,0.0398,3.432,8.3804,true,true,ok
600,9,8830600,0.0305,2.9271,8.0965,true,true,ok
600,9,8840600,0.0325,3.1741,8.4257,true,true,ok
600,9,8850600,0.0292,3.2919,7.9839,true,true,ok
600,9,8860600,0.0477,3.5934,8.0459,true,true,ok
600,9,8870600,0.0256,2.559,7.5817,true,true,ok
600,9,8880600,0.0383,3.1526,7.79,true,true,ok
600,9,8890600,0.0358,3.2703,8.5233,true,true,ok
600,9,8900600,0.0269,3.1068,7.5199,true,true,ok
600,9,8910600,0.0315,2.8758,7.6713,true,true,ok
600,9,8920600,0.0286,3.6884,7.8099,true,true,ok
600,9,8930600,0.0497,4.1496,7.8991,true,true,ok
600,9,8940600,0.0621,3.0884,7.7614,true,true,ok
600,9,8950600,0.0297,3.1705,7.9689,true,true,ok
600,9,8960600,0.035,3.1034,7.6072,true,true,ok
600,9,8970600,0.0372,2.8531,8.0497,true,true,ok
600,9,8980600,0.0276,2.9136,8.2261,true,true,ok
600,9,8990600,0.0277,2.8885,7.4686,true,true,ok
600,9,9000600,0.0356,3.0432,8.5882,true,true,ok
601,2,8010601,0.0276,1.6162,10.0752,true,true,ok
601,2,8020601,0.0335,1.6584,8.985,true,true,ok
601,2,8030601,0.0494,1.8715,13.3366,true,true,ok
601,2,8040601,0.0171,1.5537,9.8124,true,true,ok
601,2,8050601,0.0184,1.5536,9.5954,true,true,ok
601,2,8060601,0.0219,1.5881,9.1814,true,true,ok
601,2,8070601,0.018,1.7496,9.2594,true,true,ok
601,2,8080601,0.0141,1.6051,8.9348,true,true,ok
601,2,8090601,0.0421,1.9073,12.4181,true,true,ok
601,2,8100601,0.0768,1.9894,12.4495,true,true,ok
601,2,8110601,0.0203,1.6257,8.8454,true,true,ok
601,2,8120601,0.0606,1.8949,12.4256,true,true,ok
601,2,8130601,0.0577,1.9722,11.955,true,true,ok
601,2,8140601,0.0147,1.755,9.8541,true,true,ok
601,2,8150601,0.0261,1.6878,10.6641,true,true,ok
601,2,8160601,0.0444,1.8415,12.9301,true,true,ok
601,2,8170601,0.0553,2.0855,12.7061,true,true,ok
601,2,8180601,0.0632,1.9765,12.9774,true,true,ok
601,2,8190601,0.0434,2.075,12.8505,true,true,ok
601,2,8200601,0.023,1.493,9.6889,true,true,ok
601,2,8210601,0.0255,1.6154,9.3879,true,true,ok
601,2,8220601,0.0129,1.5655,9.4103,true,true,ok
601,2,8230601,0.0237,1.6456,9.5948,true,true,ok
601,2,8240601,0.0506,2.0398,13.2278,true,true,ok
601,2,8250601,0.0156,1.6868,10.0818,true,true,ok
601,2,8260601,0.0489,1.8618,13.5889,true,true,ok
601,2,8270601,0.0263,1.6701,9.6758,true,true,ok
601,2,8280601,0.0218,1.6789,8.7454,true,true,ok
601,2,8290601,0.0233,1.5767,8.7067,true,true,ok
601,2,8300601,0.0133,1.5025,8.7655,true,true,ok
601,2,8310601,0.0553,1.9561,14.2734,true,true,ok
601,2,8320601,0.0258,1.6922,10.094,true,true,ok
601,2,8330601,0.0129,1.8292,9.8194,true,true,ok
601,2,8340601,0.0412,2.1081,12.0999,true,true,ok
601,2,8350601,0.0149,1.6478,9.4484,true,true,ok
601,2,8360601,0.0206,1.4748,9.6406,true,true,ok
601,2,8370601,0.0243,1.5224,9.2731,true,true,ok
601,2,8380601,0.0628,2.1097,13.0157,true,true,ok
601,2,8390601,0.0403,1.8916,13.2236,true,true,ok
601,2,8400601,0.0281,1.5943,9.0807,true,true,ok
601,2,8410601,0.0129,1.5547,9.4498,true,true,ok
601,2,8420601,0.0227,1.7676,9.2478,true,true,ok
601,2,8430601,0.0161,1.676,9.1503,true,true,ok
601,2,8440601,0.0417,1.8718,13.0311,true,true,ok
601,2,8450601,0.045,2.0148,12.8044,true,true,ok
601,2,8460601,0.0282,1.6797,9.9254,true,true,ok
601,2,8470601,0.0607,2.1927,14.4028,true,true,ok
601,2,8480601,0.0254,1.6656,9.4661,true,true,ok
601,2,8490601,0.0374,1.9103,13.1969,true,true,ok
601,2,8500601,0.014,1.5785,10.0039,true,true,ok
601,2,8510601,0.0244,1.6325,9.6518,true,true,ok
601,2,8520601,0.0255,1.5263,10.2203,true,true,ok
601,2,8530601,0.0158,1.6387,9.9844,true,true,ok
601,2,8540601,0.0129,1.7358,9.3137,true,true,ok
601,2,8550601,0.0495,2.0757,12.5492,true,true,ok
601,2,8560601,0.0403,2.0547,13.486,true,true,ok
601,2,8570601,0.0652,2.1282,12.4708,true,true,ok
601,2,8580601,0.0391,1.9018,12.5526,true,true,ok
601,2,8590601,0.0476,2.0751,13.0206,true,true,ok
601,2,8600601,0.0249,1.515,10.1841,true,true,ok
601,2,8610601,0.0186,1.5258,9.2452,true,true,ok
601,2,8620601,0.0231,1.6537,9.3249,true,true,ok
601,2,8630601,0.0132,1.7274,10.1485,true,true,ok
601,2,8640601,0.0207,1.5948,10.0759,true,true,ok
601,2,8650601,0.0171,1.6151,9.1642,true,true,ok
601,2,8660601,0.0337,2.0356,13.1994,true,true,ok
601,2,8670601,0.0422,2.0477,12.9073,true,true,ok
601,2,8680601,0.0188,1.6784,9.7287,true,true,ok
601,2,8690601,0.0429,2.0816,12.8804,true,true,ok
601,2,8700601,0.0533,2.1077,13.3246,true,true,ok
601,2,8710601,0.0436,2.049,13.3938,true,true,ok
601,2,8720601,0.0136,1.6699,9.6246,true,true,ok
601,2,8730601,0.013,1.5208,10.1728,true,true,ok
601,2,8740601,0.0424,1.8714,12.6636,true,true,ok
601,2,8750601,0.0442,1.7872,11.7718,true,true,ok
601,2,8760601,0.0186,1.7198,8.8179,true,true,ok
601,2,8770601,0.0396,1.9853,12.5037,true,true,ok
601,2,8780601,0.0406,2.0192,12.6645,true,true,ok
601,2,8790601,0.0378,2.1493,14.0001,true,true,ok
601,2,8800601,0.0493,1.9207,14.4862,true,true,ok
601,2,8810601,0.0231,1.6809,10.2551,true,true,ok
601,2,8820601,0.0176,1.6426,10.59,true,true,ok
601,2,8830601,0.0278,1.5674,10.7055,true,true,ok
601,2,8840601,0.0444,1.9878,12.2711,true,true,ok
601,2,8850601,0.0227,1.7263,10.2427,true,true,ok
601,2,8860601,0.0427,2.2187,13.3072,true,true,ok
601,2,8870601,0.041,1.8488,11.5447,true,true,ok
601,2,8880601,0.0471,2.1082,12.8486,true,true,ok
601,2,8890601,0.0414,1.8875,13.5042,true,true,ok
601,2,8900601,0.0188,1.6213,9.5451,true,true,ok
601,2,8910601,0.0301,1.604,9.878,true,true,ok
601,2,8920601,0.0179,1.6243,10.3539,true,true,ok
601,2,8930601,0.0396,2.0014,12.7298,true,true,ok
601,2,8940601,0.035,1.9948,11.9125,true,true,ok
601,2,8950601,0.049,2.1826,13.007,true,true,ok
601,2,8960601,0.0265,1.6449,9.3771,true,true,ok
601,2,8970601,0.0572,1.9526,10.8932,true,true,ok
601,2,8980601,0.0438,1.8207,11.7563,true,true,ok
601,2,8990601,0.0425,2.0644,12.268,true,true,ok
601,2,9000601,0.0395,1.8919,10.9477,true,true,ok
601,5,8010601,0.0209,2.7151,12.3881,true,true,ok
601,5,8020601,0.0217,2.3364,11.825,true,true,ok
601,5,8030601,0.0233,2.16,11.4701,true,true,ok
601,5,8040601,0.023,2.4713,11.786,true,true,ok
601,5,8050601,0.0239,2.2002,12.0302,true,true,ok
601,5,8060601,0.0386,2.6724,13.163,true,true,ok
601,5,8070601,0.0236,2.5018,13.0026,true,true,ok
601,5,8080601,0.0218,2.1953,11.2606,true,true,ok
601,5,8090601,0.0224,2.5151,12.0598,true,true,ok
601,5,8100601,0.0236,2.2989,12.0407,true,true,ok
601,5,8110601,0.022,2.459,11.6001,true,true,ok
601,5,8120601,0.0212,2.8596,13.5375,true,true,ok
601,5,8130601,0.0344,2.2053,12.2164,true,true,ok
601,5,8140601,0.0259,2.2406,11.3312,true,true,ok
601,5,8150601,0.0286,2.1086,11.6901,true,true,ok
601,5,8160601,0.0271,2.253,13.2063,true,true,ok
601,5,8170601,0.0244,2.6913,13.647,true,true,ok
601,5,8180601,0.0215,2.4189,11.9133,true,true,ok
601,5,8190601,0.0218,2.1201,11.256,true,true,ok
601,5,8200601,0.0258,2.4149,11.644,true,true,ok
601,5,8210601,0.0279,2.3234,12.3682,true,true,ok
601,5,8220601,0.0345,2.8706,12.8938,true,true,ok
601,5,8230601,0.0297,2.5641,12.7101,true,true,ok
601,5,8240601,0.0291,2.4638,12.4664,true,true,ok
601,5,8250601,0.0309,2.4501,12.4376,true,true,ok
601,5,8260601,0.0217,2.3863,12.586,true,true,ok
601,5,8270601,0.0219,2.4248,12.5432,true,true,ok
601,5,8280601,0.0534,2.6355,13.334,true,true,ok
601,5,8290601,0.0275,2.6017,12.9033,true,true,ok
601,5,8300601,0.0207,2.2742,11.4836,true,true,ok
601,5,8310601,0.0227,2.3498,11.1899,true,true,ok
601,5,8320601,0.0262,2.8124,13.458,true,true,ok
601,5,8330601,0.0262,2.4077,12.4545,true,true,ok
601,5,8340601,0.0388,2.2681,12.6685,true,true,ok
601,5,8350601,0.0395,2.4427,12.1106,true,true,ok
601,5,8360601,0.0282,2.2433,12.5879,true,true,ok
601,5,8370601,0.0239,2.4116,11.31,true,true,ok
601,5,8380601,0.0289,2.3121,11.6952,true,true,ok
601,5,8390601,0.0261,2.2672,11.152,true,true,ok
601,5,8400601,0.026,2.4985,12.2242,true,true,ok
601,5,8410601,0.0258,3.013,13.4856,true,true,ok
601,5,8420601,0.0263,2.2197,11.0782,true,true,ok
601,5,8430601,0.0267,2.1434,11.1016,true,true,ok
601,5,8440601,0.0275,2.3319,11.0106,true,true,ok
601,5,8450601,0.0205,2.4864,12.196,true,true,ok
601,5,8460601,0.0279,2.4682,12.9249,true,true,ok
601,5,8470601,0.0258,7.5124,12.1094,true,true,ok
601,5,8480601,0.028,2.495,12.2031,true,true,ok
601,5,8490601,0.0342,2.298,10.9268,true,true,ok
601,5,8500601,0.0248,2.4412,11.3609,true,true,ok
601,5,8510601,0.0239,2.1086,10.6682,true,true,ok
601,5,8520601,0.02,2.2852,11.2421,true,true,ok
601,5,8530601,0.0267,2.3949,11.3492,true,true,ok
601,5,8540601,0.0581,8.0468,11.6623,true,true,ok
601,5,8550601,0.0627,3.3352,13.6679,true,true,ok
601,5,8560601,0.0203,2.1771,10.1361,true,true,ok
601,5,8570601,0.0204,2.5195,12.3497,true,true,ok
601,5,8580601,0.0381,2.3419,11.7624,true,true,ok
601,5,8590601,0.0259,2.5795,12.1538,true,true,ok
601,5,8600601,0.0222,2.7353,12.7361,true,true,ok
601,5,8610601,0.0247,2.2908,11.1798,true,true,ok
601,5,8620601,0.0346,2.2723,11.3258,true,true,ok
601,5,8630601,0.0259,2.5905,12.2548,true,true,ok
601,5,8640601,0.0409,2.4951,12.2808,true,true,ok
601,5,8650601,0.0217,2.5168,12.9676,true,true,ok
601,5,8660601,0.0233,2.0911,11.7183,true,true,ok
601,5,8670601,0.0237,2.2173,11.7659,true,true,ok
601,5,8680601,0.0219,2.2741,12.3015,true,true,ok
601,5,8690601,0.026,2.2056,12.2438,true,true,ok
601,5,8700601,0.0211,2.045,10.2945,true,true,ok
601,5,8710601,0.0253,2.5257,12.383,true,true,ok
601,5,8720601,0.0293,2.3918,10.5518,true,true,ok
601,5,8730601,0.0334,2.4384,12.365,true,true,ok
601,5,8740601,0.0291,4.0714,11.0592,true,true,ok
601,5,8750601,0.0224,2.0986,10.0775,true,true,ok
601,5,8760601,0.0353,2.2497,11.8653,true,true,ok
601,5,8770601,0.0303,2.1665,11.046,true,true,ok
601,5,8780601,0.0262,2.0913,11.1792,true,true,ok
601,5,8790601,0.0201,2.3893,11.8273,true,true,ok
601,5,8800601,0.0258,2.1827,12.191,true,true,ok
601,5,8810601,0.0221,2.6303,13.2023,true,true,ok
601,5,8820601,0.022,2.1593,10.1745,true,true,ok
601,5,8830601,0.0234,2.2972,12.2267,true,true,ok
601,5,8840601,0.0196,2.223,11.214,true,true,ok
601,5,8850601,0.0198,2.135,10.933,true,true,ok
601,5,8860601,0.0211,2.3254,11.5397,true,true,ok
601,5,8870601,0.029,2.049,11.7726,true,true,ok
601,5,8880601,0.0208,2.0241,11.0351,true,true,ok
601,5,8890601,0.0224,2.1733,12.2523,true,true,ok
601,5,8900601,0.0302,2.0854,10.8041,true,true,ok
601,5,8910601,0.03,2.1045,9.8656,true,true,ok
601,5,8920601,0.0208,2.2748,10.4377,true,true,ok
601,5,8930601,0.0239,2.3192,11.9856,true,true,ok
601,5,8940601,0.0229,2.0092,11.6584,true,true,ok
601,5,8950601,0.0212,2.1598,10.4387,true,true,ok
601,5,8960601,0.0272,2.4092,12.5073,true,true,ok
601,5,8970601,0.0224,2.0583,11.2292,true,true,ok
601,5,8980601,0.0211,2.0821,10.2182,true,true,ok
601,5,8990601,0.028,2.3952,13.2219,true,true,ok
601,5,9000601,0.0259,1.989,10.3164,true,true,ok
601,9,8010601,0.0382,3.2447,12.7677,true,true,ok
601,9,8020601,0.0432,3.4213,13.0147,true,true,ok
601,9,8030601,0.0511,3.272,12.5803,true,true,ok
601,9,8040601,0.0605,3.1447,12.2782,true,true,ok
601,9,8050601,0.0306,3.4528,12.2098,true,true,ok
601,9,8060601,0.0385,3.3466,12.2348,true,true,ok
601,9,8070601,0.1328,3.1992,13.1087,true,true,ok
601,9,8080601,0.0504,3.0536,12.7399,true,true,ok
601,9,8090601,0.0278,3.7407,12.5715,true,true,ok
601,9,8100601,0.0417,2.9595,12.9827,true,true,ok
601,9,8110601,0.0609,6.2532,13.2211,true,true,ok
601,9,8120601,0.0364,3.9102,12.788,true,true,ok
601,9,8130601,0.0296,3.0567,12.3327,true,true,ok
601,9,8140601,0.0318,3.1016,12.0932,true,true,ok
601,9,8150601,0.0316,3.0105,12.3608,true,true,ok
601,9,8160601,0.0325,3.1974,11.7329,true,true,ok
601,9,8170601,0.0426,3.4409,13.6609,true,true,ok
601,9,8180601,0.0311,3.2807,12.6123,true,true,ok
601,9,8190601,0.0343,3.7785,13.6491,true,true,ok
601,9,8200601,0.0254,3.5302,12.4767,true,true,ok
601,9,8210601,0.134,3.2995,12.7285,true,true,ok
601,9,8220601,0.0314,3.3808,12.9751,true,true,ok
601,9,8230601,0.0519,3.0108,12.043,true,true,ok
601,9,8240601,0.0341,3.3473,12.5982,true,true,ok
601,9,8250601,0.0334,3.5232,13.074,true,true,ok
601,9,8260601,0.0355,3.5259,12.3942,true,true,ok
601,9,8270601,0.0409,3.2292,13.0638,true,true,ok
601,9,8280601,0.0332,2.9044,11.9639,true,true,ok
601,9,8290601,0.0428,3.426,13.1146,true,true,ok
601,9,8300601,0.0271,3.0932,11.7724,true,true,ok
601,9,8310601,0.032,3.315,13.0893,true,true,ok
601,9,8320601,0.0434,3.5655,12.9546,true,true,ok
601,9,8330601,0.0259,3.0991,12.743,true,true,ok
601,9,8340601,0.0302,3.1545,12.6512,true,true,ok
601,9,8350601,0.0282,3.5488,12.4257,true,true,ok
601,9,8360601,0.035,3.3952,13.1594,true,true,ok
601,9,8370601,0.0648,4.2079,12.3258,true,true,ok
601,9,8380601,0.0418,3.4906,12.4314,true,true,ok
601,9,8390601,0.0308,3.35,13.2112,true,true,ok
601,9,8400601,0.0338,3.1965,12.1471,true,true,ok
601,9,8410601,0.0322,3.0271,12.8974,true,true,ok
601,9,8420601,0.0448,3.3368,13.1334,true,true,ok
601,9,8430601,0.0324,3.2528,12.4518,true,true,ok
601,9,8440601,0.0454,3.3515,12.9778,true,true,ok
601,9,8450601,0.0582,3.1415,11.4047,true,true,ok
601,9,8460601,0.0324,3.4517,12.937,true,true,ok
601,9,8470601,0.0281,3.2813,13.1335,true,true,ok
601,9,8480601,0.0345,3.3881,12.9665,true,true,ok
601,9,8490601,0.0293,3.5461,12.3447,true,true,ok
601,9,8500601,0.0446,3.5073,13.0631,true,true,ok
601,9,8510601,0.0347,3.0018,12.6102,true,true,ok
601,9,8520601,0.0613,3.4393,12.3743,true,true,ok
601,9,8530601,0.0405,3.3513,12.2401,true,true,ok
601,9,8540601,0.0277,3.4537,12.5464,true,true,ok
601,9,8550601,0.1329,3.469,12.8282,true,true,ok
601,9,8560601,0.0317,3.4523,12.2234,true,true,ok
601,9,8570601,0.032,3.2682,12.7226,true,true,ok
601,9,8580601,0.0275,2.9642,12.3807,true,true,ok
601,9,8590601,0.0258,3.3499,13.1375,true,true,ok
601,9,8600601,0.0275,3.1675,12.301,true,true,ok
601,9,8610601,0.0293,3.6028,12.6005,true,true,ok
601,9,8620601,0.0384,3.3146,13.0611,true,true,ok
601,9,8630601,0.0653,3.1937,11.7714,true,true,ok
601,9,8640601,0.0389,3.6729,12.8034,true,true,ok
601,9,8650601,0.0348,3.457,13.4922,true,true,ok
601,9,8660601,0.0369,3.4733,12.4972,true,true,ok
601,9,8670601,0.0266,3.3996,12.9252,true,true,ok
601,9,8680601,0.0522,2.9613,11.8934,true,true,ok
601,9,8690601,0.055,3.4863,12.7587,true,true,ok
601,9,8700601,0.0378,3.1017,11.8094,true,true,ok
601,9,8710601,0.9903,3.3243,11.8123,true,true,ok
601,9,8720601,0.0314,3.1324,12.217,true,true,ok
601,9,8730601,0.027,3.1937,12.0783,true,true,ok
601,9,8740601,0.0325,3.035,13.2777,true,true,ok
601,9,8750601,0.0317,3.4653,12.3416,true,true,ok
601,9,8760601,0.0248,3.3482,12.7733,true,true,ok
601,9,8770601,0.0486,3.708,12.6776,true,true,ok
601,9,8780601,0.13,3.0061,11.8152,true,true,ok
601,9,8790601,0.1438,3.5782,12.322,true,true,ok
601,9,8800601,0.0361,3.6672,13.379,true,true,ok
601,9,8810601,0.139,3.4311,12.5506,true,true,ok
601,9,8820601,0.0449,2.7522,12.1314,true,true,ok
601,9,8830601,0.0454,3.5058,12.5893,true,true,ok
601,9,8840601,0.0281,3.4915,11.6872,true,true,ok
601,9,8850601,0.0343,3.1116,13.0635,true,true,ok
601,9,8860601,0.0367,3.0363,13.5001,true,true,ok
601,9,8870601,0.0322,3.6025,12.513,true,true,ok
601,9,8880601,0.0328,3.515,12.7487,true,true,ok
601,9,8890601,0.0315,2.8941,12.2783,true,true,ok
601,9,8900601,0.1451,3.9932,14.0473,true,true,ok
601,9,8910601,0.0322,3.5926,11.81,true,true,ok
601,9,8920601,0.0338,3.2085,11.9999,true,true,ok
601,9,8930601,0.4319,5.32,12.1683,true,true,ok
601,9,8940601,0.0358,3.1954,12.6346,true,true,ok
601,9,8950601,0.0407,3.4027,13.3281,true,true,ok
601,9,8960601,0.0335,3.135,13.1749,true,true,ok
601,9,8970601,0.1549,3.2385,11.4902,true,true,ok
601,9,8980601,0.0304,3.2311,12.1029,true,true,ok
601,9,8990601,0.0418,2.9604,12.2537,true,true,ok
601,9,9000601,0.0351,2.863,12.2029,true,true,ok
1000,2,8011000,0.1404,244.7702,52.3938,true,true,ok
1000,2,8021000,0.1592,248.0172,52.444,true,true,ok
1000,2,8031000,0.034,4.4578,49.6236,true,true,ok
1000,2,8041000,0.0381,4.5842,49.653,true,true,ok
1000,2,8051000,0.1026,327.7961,58.5296,true,true,ok
1000,2,8061000,0.0274,4.4615,49.5083,true,true,ok
1000,2,8071000,0.129,251.9834,50.3695,true,true,ok
1000,2,8081000,0.0388,4.7102,46.9537,true,true,ok
1000,2,8091000,0.1218,239.2347,51.4066,true,true,ok
1000,2,8101000,0.1191,241.2642,54.4051,true,true,ok
1000,2,8111000,0.0252,4.1084,47.8057,true,true,ok
1000,2,8121000,0.0483,4.2218,46.5261,true,true,ok
1000,2,8131000,0.135,216.4287,54.5658,true,true,ok
1000,2,8141000,0.1542,262.9397,51.4556,true,true,ok
1000,2,8151000,0.0249,4.1279,51.8986,true,true,ok
1000,2,8161000,0.0343,4.7024,47.9698,true,true,ok
1000,2,8171000,0.0363,4.4328,51.8393,true,true,ok
1000,2,8181000,0.0287,4.2966,49.6142,true,true,ok
1000,2,8191000,0.1244,243.8312,57.0963,true,true,ok
1000,2,8201000,0.03,4.2414,50.3794,true,true,ok
1000,2,8211000,0.0296,4.5769,46.2811,true,true,ok
1000,2,8221000,0.048,4.6625,50.0498,true,true,ok
1000,2,8231000,0.0321,4.2506,46.9763,true,true,ok
1000,2,8241000,0.1111,294.4397,57.2774,true,true,ok
1000,2,8251000,0.1376,213.8517,55.7459,true,true,ok
1000,2,8261000,0.1169,219.1193,55.9769,true,true,ok
1000,2,8271000,0.1246,254.2828,50.0927,true,true,ok
1000,2,8281000,0.1242,277.43,50.7116,true,true,ok
1000,2,8291000,0.0279,4.2765,45.957,true,true,ok
1000,2,8301000,0.0293,4.3505,50.3801,true,true,ok
1000,2,8311000,0.1261,222.5221,54.9269,true,true,ok
1000,2,8321000,0.0264,4.2793,53.148,true,true,ok
1000,2,8331000,0.0284,4.6554,50.849,true,true,ok
1000,2,8341000,0.026,4.7264,48.0669,true,true,ok
1000,2,8351000,0.1636,255.0108,51.5118,true,true,ok
1000,2,8361000,0.0309,4.3178,50.2624,true,true,ok
1000,2,8371000,0.1182,305.0421,57.119,true,true,ok
1000,2,8381000,0.0417,4.7715,50.6097,true,true,ok
1000,2,8391000,0.128,263.1218,55.3213,true,true,ok
1000,2,8401000,0.0351,4.2641,47.2014,true,true,ok
1000,2,8411000,0.1165,239.3832,50.9334,true,true,ok
1000,2,8421000,0.0445,4.6636,50.9352,true,true,ok
1000,2,8431000,0.0284,4.2156,51.9147,true,true,ok
1000,2,8441000,0.0282,4.2787,47.6237,true,true,ok
1000,2,8451000,0.1412,275.0816,56.9177,true,true,ok
1000,2,8461000,0.0299,4.3579,50.25,true,true,ok
1000,2,8471000,0.1039,282.1152,55.7691,true,true,ok
1000,2,8481000,0.1646,266.0346,55.389,true,true,ok
1000,2,8491000,0.0393,4.5934,47.3624,true,true,ok
1000,2,8501000,0.1152,219.8969,53.2695,true,true,ok
1000,2,8511000,0.1022,264.5732,52.0825,true,true,ok
1000,2,8521000,0.1314,240.2567,54.2364,true,true,ok
1000,2,8531000,0.1265,216.3554,47.6175,true,true,ok
1000,2,8541000,0.1208,292.2736,51.9208,true,true,ok
1000,2,8551000,0.1052,280.1571,52.1056,true,true,ok
1000,2,8561000,0.0453,4.8719,52.8928,true,true,ok
1000,2,8571000,0.1036,253.6234,50.3339,true,true,ok
1000,2,8581000,0.0212,4.6815,46.302,true,true,ok
1000,2,8591000,0.1163,242.0365,50.6389,true,true,ok
1000,2,8601000,0.111,288.7587,52.4859,true,true,ok
1000,2,8611000,0.1087,254.5915,48.6526,true,true,ok
1000,2,8621000,0.1261,255.3033,51.5964,true,true,ok
1000,2,8631000,0.114,254.6671,48.3026,true,true,ok
1000,2,8641000,0.1185,238.3391,50.5052,true,true,ok
1000,2,8651000,0.0304,4.6495,48.1663,true,true,ok
1000,2,8661000,0.0272,4.1441,43.8827,true,true,ok
1000,2,8671000,0.0258,4.2304,43.8083,true,true,ok
1000,2,8681000,0.0418,4.7103,47.5881,true,true,ok
1000,2,8691000,0.308,220.7635,45.2372,true,true,ok
1000,2,8701000,0.028,4.3748,48.2813,true,true,ok
1000,2,8711000,0.1039,276.0538,44.2373,true,true,ok
1000,2,8721000,0.1163,245.1389,48.6066,true,true,ok
1000,2,8731000,0.0304,4.0511,43.1228,true,true,ok
1000,2,8741000,0.1167,238.5694,50.6023,true,true,ok
1000,2,8751000,0.032,4.6645,45.1272,true,true,ok
1000,2,8761000,0.1657,240.0505,48.7201,true,true,ok
1000,2,8771000,0.1194,256.0566,40.2352,true,true,ok
1000,2,8781000,0.1178,214.4954,50.0366,true,true,ok
1000,2,8791000,0.0257,4.2589,42.037,true,true,ok
1000,2,8801000,0.1064,262.0503,41.3514,true,true,ok
1000,2,8811000,0.0261,4.5291,46.7532,true,true,ok
1000,2,8821000,0.0248,4.3894,46.4382,true,true,ok
1000,2,8831000,0.1062,247.9631,43.4977,true,true,ok
1000,2,8841000,0.0244,4.1103,45.8195,true,true,ok
1000,2,8851000,0.1122,213.3085,39.1273,true,true,ok
1000,2,8861000,0.0273,4.1195,43.9703,true,true,ok
1000,2,8871000,0.0243,3.9842,41.4145,true,true,ok
1000,2,8881000,0.0199,4.4145,43.7863,true,true,ok
1000,2,8891000,0.0231,4.0054,35.5179,true,true,ok
1000,2,8901000,0.0272,4.2515,41.3131,true,true,ok
1000,2,8911000,0.0266,4.3945,45.3322,true,true,ok
1000,2,8921000,0.1109,231.905,41.967,true,true,ok
1000,2,8931000,0.0269,4.2,37.0088,true,true,ok
1000,2,8941000,0.0272,4.1142,41.4337,true,true,ok
1000,2,8951000,0.0271,4.3649,39.9176,true,true,ok
1000,2,8961000,0.1022,258.3973,38.7833,true,true,ok
1000,2,8971000,0.0237,4.4306,46.7257,true,true,ok
1000,2,8981000,0.1021,256.0635,43.0824,true,true,ok
1000,2,8991000,0.107,228.1731,28.7217,true,true,ok
1000,2,9001000,0.1113,231.5364,45.4243,true,true,ok
1000,5,8011000,0.0417,6.8115,42.4411,true,true,ok
1000,5,8021000,0.0296,6.3941,42.7791,true,true,ok
1000,5,8031000,0.0555,6.5648,41.6633,true,true,ok
1000,5,8041000,0.0585,6.1283,42.0182,true,true,ok
1000,5,8051000,0.0326,6.533,43.4999,true,true,ok
1000,5,8061000,0.0291,7.4951,42.5697,true,true,ok
1000,5,8071000,0.0508,6.4631,42.8445,true,true,ok
1000,5,8081000,0.0345,6.8333,43.6612,true,true,ok
1000,5,8091000,0.036,6.2984,43.1238,true,true,ok
1000,5,8101000,0.0351,6.5086,43.8328,true,true,ok
1000,5,8111000,0.0347,6.894,42.3622,true,true,ok
1000,5,8121000,0.0324,6.9926,44.071,true,true,ok
1000,5,8131000,0.0325,6.9811,42.1208,true,true,ok
1000,5,8141000,0.0373,6.5626,41.8776,true,true,ok
1000,5,8151000,0.0534,6.8951,41.797,true,true,ok
1000,5,8161000,0.0524,6.6243,42.6106,true,true,ok
1000,5,8171000,0.0561,6.3433,43.2277,true,true,ok
1000,5,8181000,0.0412,6.649,40.9965,true,true,ok
1000,5,8191000,0.0295,7.4961,39.9103,true,true,ok
1000,5,8201000,0.0718,5.9954,42.8589,true,true,ok
1000,5,8211000,0.0503,6.9842,43.6013,true,true,ok
1000,5,8221000,0.0524,7.5904,42.8247,true,true,ok
1000,5,8231000,0.0518,8.1499,40.9988,true,true,ok
1000,5,8241000,0.0588,6.6697,42.701,true,true,ok
1000,5,8251000,0.0349,6.897,43.1449,true,true,ok
1000,5,8261000,0.0384,7.405,40.4631,true,true,ok
1000,5,8271000,0.0414,7.4834,41.8496,true,true,ok
1000,5,8281000,0.0341,6.4138,42.327,true,true,ok
1000,5,8291000,0.0498,5.9474,41.7767,true,true,ok
1000,5,8301000,0.0462,7.0638,42.5515,true,true,ok
1000,5,8311000,0.0344,6.8307,41.5861,true,true,ok
1000,5,8321000,0.055,7.7364,42.8822,true,true,ok
1000,5,8331000,0.0541,6.4962,42.3486,true,true,ok
1000,5,8341000,0.043,7.9859,43.9709,true,true,ok
1000,5,8351000,0.0336,5.7157,42.0688,true,true,ok
1000,5,8361000,0.0393,6.9612,41.5741,true,true,ok
1000,5,8371000,0.0317,6.1756,43.618,true,true,ok
1000,5,8381000,0.0381,7.4831,41.9708,true,true,ok
1000,5,8391000,0.059,6.656,42.7682,true,true,ok
1000,5,8401000,0.0361,6.0668,42.3106,true,true,ok
1000,5,8411000,0.0377,7.7179,42.6692,true,true,ok
1000,5,8421000,0.0622,6.8983,41.1617,true,true,ok
1000,5,8431000,0.0435,6.7653,41.5274,true,true,ok
1000,5,8441000,0.0423,6.8604,41.9108,true,true,ok
1000,5,8451000,0.0794,7.277,41.6769,true,true,ok
1000,5,8461000,0.0426,6.3022,42.2963,true,true,ok
1000,5,8471000,0.0379,6.8272,44.1028,true,true,ok
1000,5,8481000,0.0471,6.5147,43.0618,true,true,ok
1000,5,8491000,0.0437,7.8843,42.673,true,true,ok
1000,5,8501000,0.0354,6.8603,40.7554,true,true,ok
1000,5,8511000,0.0498,6.2451,43.6473,true,true,ok
1000,5,8521000,0.0383,6.6393,42.3224,true,true,ok
1000,5,8531000,0.0384,6.1514,43.4176,true,true,ok
1000,5,8541000,0.071,7.2635,42.2756,true,true,ok
1000,5,8551000,0.0356,6.6312,43.4455,true,true,ok
1000,5,8561000,0.0675,6.813,42.4031,true,true,ok
1000,5,8571000,0.0364,7.9904,40.8829,true,true,ok
1000,5,8581000,0.0522,6.7954,42.0361,true,true,ok
1000,5,8591000,0.041,6.9508,39.1797,true,true,ok
1000,5,8601000,0.0375,7.1731,39.062,true,true,ok
1000,5,8611000,0.036,8.2024,39.5219,true,true,ok
1000,5,8621000,0.0393,6.1472,42.6424,true,true,ok
1000,5,8631000,0.0495,5.8443,42.1758,true,true,ok
1000,5,8641000,0.0581,7.2587,43.5301,true,true,ok
1000,5,8651000,0.1089,6.6431,43.0617,true,true,ok
1000,5,8661000,0.0687,6.7318,43.7158,true,true,ok
1000,5,8671000,0.0654,6.8209,43.5676,true,true,ok
1000,5,8681000,0.0354,7.2865,43.0663,true,true,ok
1000,5,8691000,0.0587,6.2816,41.8939,true,true,ok
1000,5,8701000,0.0461,6.7346,43.5287,true,true,ok
1000,5,8711000,0.0584,7.6119,40.8043,true,true,ok
1000,5,8721000,0.0442,6.8773,40.7702,true,true,ok
1000,5,8731000,0.0364,7.2084,42.8205,true,true,ok
1000,5,8741000,0.0584,6.0116,43.1805,true,true,ok
1000,5,8751000,0.0353,7.369,40.9928,true,true,ok
1000,5,8761000,0.0438,6.6424,43.1938,true,true,ok
1000,5,8771000,0.0378,6.8044,42.5022,true,true,ok
1000,5,8781000,0.0386,6.5936,43.1589,true,true,ok
1000,5,8791000,0.048,7.3661,40.3434,true,true,ok
1000,5,8801000,0.0395,7.5676,42.9758,true,true,ok
1000,5,8811000,0.0368,7.379,41.5702,true,true,ok
1000,5,8821000,0.0359,7.0109,41.7602,true,true,ok
1000,5,8831000,0.0284,6.7425,40.1887,true,true,ok
1000,5,8841000,0.0501,6.5113,41.6141,true,true,ok
1000,5,8851000,0.0602,6.9827,41.7249,true,true,ok
1000,5,8861000,0.0484,7.2913,43.048,true,true,ok
1000,5,8871000,0.0434,7.3153,41.4534,true,true,ok
1000,5,8881000,0.0473,6.2652,44.6857,true,true,ok
1000,5,8891000,0.045,7.2013,41.9262,true,true,ok
1000,5,8901000,0.0732,8.3755,39.6538,true,true,ok
1000,5,8911000,0.0611,7.2253,38.7078,true,true,ok
1000,5,8921000,0.0456,6.9942,42.8907,true,true,ok
1000,5,8931000,0.0352,6.5352,43.4331,true,true,ok
1000,5,8941000,0.0637,7.4338,42.3263,true,true,ok
1000,5,8951000,0.0777,6.8926,44.4107,true,true,ok
1000,5,8961000,0.0376,6.6505,42.1164,true,true,ok
1000,5,8971000,0.0557,6.9007,40.1489,true,true,ok
1000,5,8981000,0.0478,7.4037,39.2127,true,true,ok
1000,5,8991000,0.0293,6.9195,39.624,true,true,ok
1000,5,9001000,0.0374,6.532,41.3677,true,true,ok
1000,9,8011000,0.0474,9.3082,45.6376,true,true,ok
1000,9,8021000,0.0483,10.2429,44.4714,true,true,ok
1000,9,8031000,0.0766,9.1423,45.0882,true,true,ok
1000,9,8041000,0.0502,9.7384,45.1523,true,true,ok
1000,9,8051000,0.06,10.6715,45.2723,true,true,ok
1000,9,8061000,0.0918,9.7655,49.4533,true,true,ok
1000,9,8071000,0.0476,9.5324,49.1938,true,true,ok
1000,9,8081000,0.0474,8.5547,49.4916,true,true,ok
1000,9,8091000,0.1204,9.5667,45.4268,true,true,ok
1000,9,8101000,0.0653,9.7812,45.3655,true,true,ok
1000,9,8111000,0.0425,10.1369,46.5818,true,true,ok
1000,9,8121000,0.043,9.1217,48.4924,true,true,ok
1000,9,8131000,0.0482,10.0555,47.5408,true,true,ok
1000,9,8141000,0.0511,8.8796,49.1474,true,true,ok
1000,9,8151000,0.0839,8.8972,49.1132,true,true,ok
1000,9,8161000,0.0549,10.282,49.401,true,true,ok
1000,9,8171000,0.0521,10.7861,46.8197,true,true,ok
1000,9,8181000,0.0515,9.0776,46.176,true,true,ok
1000,9,8191000,0.045,9.4451,50.8235,true,true,ok
1000,9,8201000,0.0471,9.4159,49.1028,true,true,ok
1000,9,8211000,0.0466,9.5053,48.5138,true,true,ok
1000,9,8221000,0.0488,10.0763,49.2592,true,true,ok
1000,9,8231000,0.0527,8.7192,46.5479,true,true,ok
1000,9,8241000,0.0601,8.9391,49.9218,true,true,ok
1000,9,8251000,0.0897,9.1683,51.3718,true,true,ok
1000,9,8261000,0.0505,8.4575,48.5645,true,true,ok
1000,9,8271000,0.0541,9.9837,50.0602,true,true,ok
1000,9,8281000,0.0495,8.319,48.3782,true,true,ok
1000,9,8291000,0.0512,10.0777,49.7569,true,true,ok
1000,9,8301000,0.0471,9.3545,47.1512,true,true,ok
1000,9,8311000,0.0504,9.3449,48.3536,true,true,ok
1000,9,8321000,0.0562,8.3619,51.3231,true,true,ok
1000,9,8331000,0.0913,9.5595,50.7573,true,true,ok
1000,9,8341000,0.0481,9.0224,49.4484,true,true,ok
1000,9,8351000,0.1145,10.3204,48.5475,true,true,ok
1000,9,8361000,0.046,9.0947,46.6215,true,true,ok
1000,9,8371000,0.0454,9.766,48.4046,true,true,ok
1000,9,8381000,0.3567,16.2251,47.6819,true,true,ok
1000,9,8391000,0.0405,8.3449,50.2405,true,true,ok
1000,9,8401000,0.0486,9.5693,50.0056,true,true,ok
1000,9,8411000,0.0438,8.4231,48.2331,true,true,ok
1000,9,8421000,0.0466,8.8637,50.3607,true,true,ok
1000,9,8431000,0.0462,9.3927,48.0173,true,true,ok
1000,9,8441000,0.0529,8.6371,49.6951,true,true,ok
1000,9,8451000,0.0486,8.7292,51.2948,true,true,ok
1000,9,8461000,0.0501,10.7007,47.5204,true,true,ok
1000,9,8471000,0.0446,10.1196,48.2197,true,true,ok
1000,9,8481000,0.0446,9.7598,46.5461,true,true,ok
1000,9,8491000,0.053,9.0572,47.0357,true,true,ok
1000,9,8501000,0.0515,10.8397,44.4296,true,true,ok
1000,9,8511000,0.0669,9.3719,47.5345,true,true,ok
1000,9,8521000,0.0492,8.3636,46.3406,true,true,ok
1000,9,8531000,0.0475,10.0377,49.1905,true,true,ok
1000,9,8541000,0.0489,9.2867,42.2277,true,true,ok
1000,9,8551000,0.0905,9.0721,47.6872,true,true,ok
1000,9,8561000,0.054,9.0523,43.0654,true,true,ok
1000,9,8571000,0.0514,9.3519,49.778,true,true,ok
1000,9,8581000,0.0468,8.7976,46.3397,true,true,ok
1000,9,8591000,0.0421,9.5141,48.4573,true,true,ok
1000,9,8601000,0.0515,9.7414,47.5078,true,true,ok
1000,9,8611000,0.0521,8.9092,47.0652,true,true,ok
1000,9,8621000,0.0514,9.0818,46.5252,true,true,ok
1000,9,8631000,0.048,9.0489,47.6831,true,true,ok
1000,9,8641000,0.0473,9.0115,43.3517,true,true,ok
1000,9,8651000,0.0503,8.1767,47.2878,true,true,ok
1000,9,8661000,0.051,10.3559,46.3586,true,true,ok
1000,9,8671000,0.1053,8.6735,47.3543,true,true,ok
1000,9,8681000,0.0538,9.3906,44.0701,true,true,ok
1000,9,8691000,0.0434,8.3363,48.5366,true,true,ok
1000,9,8701000,0.04,8.4456,46.3347,true,true,ok
1000,9,8711000,0.055,9.5747,42.9646,true,true,ok
1000,9,8721000,0.043,9.6317,41.5569,true,true,ok
1000,9,8731000,0.0495,9.6849,43.0144,true,true,ok
1000,9,8741000,0.0466,8.5763,46.6239,true,true,ok
1000,9,8751000,0.0993,16.7235,43.5994,true,true,ok
1000,9,8761000,0.0423,9.2804,47.8195,true,true,ok
1000,9,8771000,0.0466,9.2039,43.3544,true,true,ok
1000,9,8781000,0.0538,8.7035,42.9144,true,true,ok
1000,9,8791000,0.0427,8.7618,44.4292,true,true,ok
1000,9,8801000,0.0431,7.8215,44.6036,true,true,ok
1000,9,8811000,0.0407,8.6231,44.4443,true,true,ok
1000,9,8821000,0.0486,10.7244,41.9823,true,true,ok
1000,9,8831000,0.04,8.603,47.745,true,true,ok
1000,9,8841000,0.0501,8.5612,42.6948,true,true,ok
1000,9,8851000,0.0415,9.4858,44.7521,true,true,ok
1000,9,8861000,0.0511,8.5521,43.6046,true,true,ok
1000,9,8871000,0.0494,7.9512,46.7416,true,true,ok
1000,9,8881000,0.0451,8.0479,44.7685,true,true,ok
1000,9,8891000,0.0727,9.2709,46.6706,true,true,ok
1000,9,8901000,0.0418,7.3687,45.958,true,true,ok
1000,9,8911000,0.0471,10.2711,42.2126,true,true,ok
1000,9,8921000,0.0545,10.2275,43.4716,true,true,ok
1000,9,8931000,0.083,12.8131,44.6958,true,true,ok
1000,9,8941000,0.0536,8.7495,40.4986,true,true,ok
1000,9,8951000,0.0452,9.4272,46.5947,true,true,ok
1000,9,8961000,0.0611,9.2199,42.479,true,true,ok
1000,9,8971000,8.2608,8.3813,43.3341,true,true,ok
1000,9,8981000,0.0444,9.4986,45.5572,true,true,ok
1000,9,8991000,0.0462,9.3888,44.0809,true,true,ok
1000,9,9001000,0.046,8.4719,40.7907,true,true,ok
1001,2,8011001,0.0348,4.7836,57.1415,true,true,ok
1001,2,8021001,0.0266,4.3464,58.5183,true,true,ok
1001,2,8031001,0.0316,4.5243,54.7808,true,true,ok
1001,2,8041001,0.042,4.5539,55.6141,true,true,ok
1001,2,8051001,0.0266,4.692,56.8926,true,true,ok
1001,2,8061001,0.0315,4.7504,57.5413,true,true,ok
1001,2,8071001,0.1185,5.4115,70.2143,true,true,ok
1001,2,8081001,0.0489,4.6332,52.761,true,true,ok
1001,2,8091001,0.1143,5.0681,66.2646,true,true,ok
1001,2,8101001,0.2012,5.3879,71.137,true,true,ok
1001,2,8111001,0.1185,5.6502,68.963,true,true,ok
1001,2,8121001,0.048,4.4748,52.6203,true,true,ok
1001,2,8131001,0.0354,4.6857,58.1619,true,true,ok
1001,2,8141001,0.1162,5.2162,66.0223,true,true,ok
1001,2,8151001,0.0291,4.6246,57.7335,true,true,ok
1001,2,8161001,0.1214,5.7081,72.8712,true,true,ok
1001,2,8171001,0.0285,4.7082,54.1134,true,true,ok
1001,2,8181001,0.025,4.782,58.6073,true,true,ok
1001,2,8191001,0.0469,4.2693,57.438,true,true,ok
1001,2,8201001,0.1205,5.5919,69.9378,true,true,ok
1001,2,8211001,0.036,4.4,54.4901,true,true,ok
1001,2,8221001,0.0338,4.4362,54.0523,true,true,ok
1001,2,8231001,0.0325,4.812,58.0958,true,true,ok
1001,2,8241001,0.029,4.6497,58.0228,true,true,ok
1001,2,8251001,0.0322,4.8323,57.603,true,true,ok
1001,2,8261001,0.1193,5.2682,71.2649,true,true,ok
1001,2,8271001,0.0307,4.4652,58.5609,true,true,ok
1001,2,8281001,0.0287,4.5104,55.3012,true,true,ok
1001,2,8291001,0.1181,5.3252,65.5144,true,true,ok
1001,2,8301001,0.1236,5.2942,71.323,true,true,ok
1001,2,8311001,0.0308,4.3659,58.1472,true,true,ok
1001,2,8321001,0.032,4.6217,55.3554,true,true,ok
1001,2,8331001,0.0282,5.155,54.5805,true,true,ok
1001,2,8341001,0.0277,4.6278,58.3568,true,true,ok
1001,2,8351001,0.1358,5.2675,66.6069,true,true,ok
1001,2,8361001,0.0307,4.6797,59.1052,true,true,ok
1001,2,8371001,0.0345,4.885,54.1539,true,true,ok
1001,2,8381001,0.0255,4.7022,57.4737,true,true,ok
1001,2,8391001,0.1155,5.5526,73.0967,true,true,ok
1001,2,8401001,0.0361,4.6922,58.0203,true,true,ok
1001,2,8411001,0.0275,4.7598,59.3525,true,true,ok
1001,2,8421001,0.1662,5.5649,66.251,true,true,ok
1001,2,8431001,0.0267,4.3781,56.9199,true,true,ok
1001,2,8441001,0.1412,5.3607,69.8971,true,true,ok
1001,2,8451001,0.0383,4.7495,52.9354,true,true,ok
1001,2,8461001,0.0306,4.2922,53.698,true,true,ok
1001,2,8471001,0.1323,5.2613,65.0561,true,true,ok
1001,2,8481001,0.131,5.798,70.3406,true,true,ok
1001,2,8491001,0.0269,4.9806,59.7162,true,true,ok
1001,2,8501001,0.0518,4.2954,54.9453,true,true,ok
1001,2,8511001,0.135,5.5742,66.5853,true,true,ok
1001,2,8521001,0.1266,5.8116,71.5368,true,true,ok
1001,2,8531001,0.0261,4.2321,57.8557,true,true,ok
1001,2,8541001,0.0364,4.3971,53.7542,true,true,ok
1001,2,8551001,0.1721,5.6549,65.6305,true,true,ok
1001,2,8561001,0.038,4.7267,58.3378,true,true,ok
1001,2,8571001,0.0247,4.7596,53.3179,true,true,ok
1001,2,8581001,0.0311,4.5947,58.9885,true,true,ok
1001,2,8591001,0.1132,5.7691,71.1202,true,true,ok
1001,2,8601001,0.0303,4.402,53.8383,true,true,ok
1001,2,8611001,0.0302,4.2516,57.6642,true,true,ok
1001,2,8621001,0.0346,4.4729,57.5369,true,true,ok
1001,2,8631001,0.044,4.602,57.3015,true,true,ok
1001,2,8641001,0.0273,4.5735,59.2833,true,true,ok
1001,2,8651001,0.0331,4.3872,54.4263,true,true,ok
1001,2,8661001,0.0325,4.6459,53.5647,true,true,ok
1001,2,8671001,0.0321,4.2495,57.7963,true,true,ok
1001,2,8681001,0.113,5.2098,68.1539,true,true,ok
1001,2,8691001,0.0272,4.3466,54.9813,true,true,ok
1001,2,8701001,0.1174,5.5573,66.0605,true,true,ok
1001,2,8711001,0.0461,4.5922,55.8171,true,true,ok
1001,2,8721001,0.0266,4.6184,59.2222,true,true,ok
1001,2,8731001,0.167,5.7344,70.2946,true,true,ok
1001,2,8741001,0.0241,4.6412,54.9066,true,true,ok
1001,2,8751001,0.0409,4.5621,55.2238,true,true,ok
1001,2,8761001,0.0363,4.3461,58.1511,true,true,ok
1001,2,8771001,0.1347,5.1315,65.423,true,true,ok
1001,2,8781001,0.0291,4.2421,56.5383,true,true,ok
1001,2,8791001,0.124,5.1663,66.8746,true,true,ok
1001,2,8801001,0.0361,4.7331,60.218,true,true,ok
1001,2,8811001,0.1295,5.3813,70.4498,true,true,ok
1001,2,8821001,0.1143,5.3099,72.3577,true,true,ok
1001,2,8831001,0.1209,5.7111,72.3906,true,true,ok
1001,2,8841001,0.116,5.6157,65.1584,true,true,ok
1001,2,8851001,0.1158,5.7182,65.0578,true,true,ok
1001,2,8861001,0.0349,4.582,52.2857,true,true,ok
1001,2,8871001,0.0291,4.6878,58.8988,true,true,ok
1001,2,8881001,0.119,5.8869,71.6863,true,true,ok
1001,2,8891001,0.122,5.6522,73.1169,true,true,ok
1001,2,8901001,0.1074,5.2825,69.2039,true,true,ok
1001,2,8911001,0.1208,5.3366,66.0374,true,true,ok
1001,2,8921001,0.1286,5.1677,71.4634,true,true,ok
1001,2,8931001,0.0315,4.6129,58.1685,true,true,ok
1001,2,8941001,0.0319,4.6085,58.0413,true,true,ok
1001,2,8951001,0.0263,4.2906,54.6569,true,true,ok
1001,2,8961001,0.1307,5.3278,66.1291,true,true,ok
1001,2,8971001,0.0323,4.7522,55.5282,true,true,ok
1001,2,8981001,0.1162,5.3655,68.2697,true,true,ok
1001,2,8991001,0.0252,4.5002,53.8173,true,true,ok
1001,2,9001001,0.0294,4.2556,53.5021,true,true,ok
1001,5,8011001,0.083,7.4691,59.1741,true,true,ok
1001,5,8021001,0.045,6.1086,57.2819,true,true,ok
1001,5,8031001,0.0441,6.1956,56.449,true,true,ok
1001,5,8041001,0.0398,6.2781,53.6191,true,true,ok
1001,5,8051001,0.0398,5.9754,57.7619,true,true,ok
1001,5,8061001,0.0652,7.3705,60.4601,true,true,ok
1001,5,8071001,0.0515,6.3144,56.8384,true,true,ok
1001,5,8081001,0.05,6.8844,58.5463,true,true,ok
1001,5,8091001,0.0389,6.4223,55.465,true,true,ok
1001,5,8101001,0.061,6.82,58.3511,true,true,ok
1001,5,8111001,0.0497,6.8821,60.0519,true,true,ok
1001,5,8121001,0.055,5.8796,54.7735,true,true,ok
1001,5,8131001,0.0504,7.1352,61.5243,true,true,ok
1001,5,8141001,0.0565,6.5427,56.1156,true,true,ok
1001,5,8151001,0.0516,7.1218,60.1482,true,true,ok
1001,5,8161001,0.0364,6.759,58.9114,true,true,ok
1001,5,8171001,0.0414,6.4476,57.8171,true,true,ok
1001,5,8181001,0.0369,7.2696,61.2832,true,true,ok
1001,5,8191001,0.0583,6.8071,55.8689,true,true,ok
1001,5,8201001,0.0508,6.7033,58.4257,true,true,ok
1001,5,8211001,0.0352,7.0429,59.5407,true,true,ok
1001,5,8221001,0.0343,6.1883,55.4715,true,true,ok
1001,5,8231001,0.0438,6.7564,59.7618,true,true,ok
1001,5,8241001,0.0745,6.0469,55.7365,true,true,ok
1001,5,8251001,0.0427,6.8651,60.4884,true,true,ok
1001,5,8261001,0.0618,6.6047,57.5535,true,true,ok
1001,5,8271001,0.0379,6.7275,57.1795,true,true,ok
1001,5,8281001,0.0501,7.3638,60.2016,true,true,ok
1001,5,8291001,0.0355,7.063,58.184,true,true,ok
1001,5,8301001,0.0428,6.7269,57.1375,true,true,ok
1001,5,8311001,0.0352,7.0187,58.0357,true,true,ok
1001,5,8321001,0.044,6.7507,56.4034,true,true,ok
1001,5,8331001,0.0382,6.8613,58.2438,true,true,ok
1001,5,8341001,0.2344,29.6716,58.4626,true,true,ok
1001,5,8351001,0.0969,11.9273,62.1661,true,true,ok
1001,5,8361001,0.0318,7.4633,59.0488,true,true,ok
1001,5,8371001,0.0447,7.1319,59.8902,true,true,ok
1001,5,8381001,0.0477,7.4982,62.2808,true,true,ok
1001,5,8391001,0.0541,6.8312,57.0334,true,true,ok
1001,5,8401001,0.0773,7.4164,66.7624,true,true,ok
1001,5,8411001,0.0568,6.2556,61.518,true,true,ok
1001,5,8421001,0.0573,6.9513,57.5766,true,true,ok
1001,5,8431001,0.0511,6.4144,55.2715,true,true,ok
1001,5,8441001,0.092,10.758,56.273,true,true,ok
1001,5,8451001,0.0746,6.2662,59.1189,true,true,ok
1001,5,8461001,0.0449,6.459,58.6226,true,true,ok
1001,5,8471001,0.0399,6.5739,57.1949,true,true,ok
1001,5,8481001,0.0377,6.4245,56.7889,true,true,ok
1001,5,8491001,0.0668,5.7127,54.3346,true,true,ok
1001,5,8501001,0.044,6.6733,56.5984,true,true,ok
1001,5,8511001,0.0305,7.3652,60.0241,true,true,ok
1001,5,8521001,0.0422,7.5389,61.0981,true,true,ok
1001,5,8531001,0.0415,6.254,56.7099,true,true,ok
1001,5,8541001,0.0403,6.482,55.8522,true,true,ok
1001,5,8551001,0.0446,6.207,52.4854,true,true,ok
1001,5,8561001,0.0425,5.866,57.0853,true,true,ok
1001,5,8571001,0.0445,6.0011,54.5759,true,true,ok
1001,5,8581001,0.0353,6.9038,59.7065,true,true,ok
1001,5,8591001,0.0407,6.7102,55.9789,true,true,ok
1001,5,8601001,0.0815,7.0173,58.9169,true,true,ok
1001,5,8611001,0.0452,5.823,54.9425,true,true,ok
1001,5,8621001,0.038,7.4859,59.7992,true,true,ok
1001,5,8631001,0.0418,6.7348,55.5817,true,true,ok
1001,5,8641001,0.0462,6.7218,61.5183,true,true,ok
1001,5,8651001,0.0361,6.837,54.5232,true,true,ok
1001,5,8661001,0.0372,6.8918,58.2219,true,true,ok
1001,5,8671001,0.0581,6.9877,57.8747,true,true,ok
1001,5,8681001,0.063,6.4054,56.7,true,true,ok
1001,5,8691001,0.0447,6.6101,56.3088,true,true,ok
1001,5,8701001,0.0494,6.9543,56.4291,true,true,ok
1001,5,8711001,0.038,6.7974,58.8578,true,true,ok
1001,5,8721001,0.0612,6.5269,55.3889,true,true,ok
1001,5,8731001,0.0409,6.6628,55.534,true,true,ok
1001,5,8741001,0.269,6.7308,57.8525,true,true,ok
1001,5,8751001,0.0446,6.3233,52.0823,true,true,ok
1001,5,8761001,0.0331,7.2449,60.9697,true,true,ok
1001,5,8771001,0.0444,6.413,57.9717,true,true,ok
1001,5,8781001,0.2715,6.3659,55.7011,true,true,ok
1001,5,8791001,0.0377,6.3129,52.6038,true,true,ok
1001,5,8801001,0.0494,5.8409,56.3396,true,true,ok
1001,5,8811001,0.0437,6.2239,54.5167,true,true,ok
1001,5,8821001,0.0578,6.7332,59.8239,true,true,ok
1001,5,8831001,0.0317,6.5364,56.0366,true,true,ok
1001,5,8841001,0.0369,6.7975,54.0154,true,true,ok
1001,5,8851001,0.0478,6.384,53.5534,true,true,ok
1001,5,8861001,0.0473,6.4266,53.0796,true,true,ok
1001,5,8871001,0.0323,6.2793,55.5671,true,true,ok
1001,5,8881001,0.0462,5.6814,51.047,true,true,ok
1001,5,8891001,0.0499,6.3375,54.367,true,true,ok
1001,5,8901001,0.0322,7.3269,60.4107,true,true,ok
1001,5,8911001,0.0379,6.6741,55.8499,true,true,ok
1001,5,8921001,0.068,6.842,58.49,true,true,ok
1001,5,8931001,0.0414,6.5742,55.1069,true,true,ok
1001,5,8941001,0.0351,6.6986,55.4798,true,true,ok
1001,5,8951001,0.0362,5.7631,52.1052,true,true,ok
1001,5,8961001,0.0411,6.8518,58.3548,true,true,ok
1001,5,8971001,0.2587,6.4923,54.3863,true,true,ok
1001,5,8981001,0.0301,6.0049,48.6798,true,true,ok
1001,5,8991001,0.0383,6.8341,53.5551,true,true,ok
1001,5,9001001,0.0398,6.8114,56.4175,true,true,ok
1001,9,8011001,3.7082,8.6014,72.6367,true,true,ok
1001,9,8021001,0.0498,9.4414,67.4258,true,true,ok
1001,9,8031001,0.0478,10.479,71.4862,true,true,ok
1001,9,8041001,0.052,8.0259,72.0128,true,true,ok
1001,9,8051001,0.0538,10.4587,72.995,true,true,ok
1001,9,8061001,3.6692,7.9714,70.3864,true,true,ok
1001,9,8071001,0.0567,9.5219,72.0099,true,true,ok
1001,9,8081001,0.0548,10.0621,71.2827,true,true,ok
1001,9,8091001,0.052,10.3931,67.734,true,true,ok
1001,9,8101001,0.0656,10.4407,71.1779,true,true,ok
1001,9,8111001,0.0491,10.3647,70.7199,true,true,ok
1001,9,8121001,0.0515,9.1663,71.0895,true,true,ok
1001,9,8131001,0.0473,9.0736,68.5715,true,true,ok
1001,9,8141001,0.0509,8.3207,66.2764,true,true,ok
1001,9,8151001,0.0522,9.3766,72.4551,true,true,ok
1001,9,8161001,0.0586,9.0644,69.0637,true,true,ok
1001,9,8171001,0.052,9.5375,69.768,true,true,ok
1001,9,8181001,0.3339,9.0715,67.014,true,true,ok
1001,9,8191001,0.0547,9.2779,68.6034,true,true,ok
1001,9,8201001,0.0537,9.6694,71.4058,true,true,ok
1001,9,8211001,0.0477,10.2821,74.3192,true,true,ok
1001,9,8221001,0.0676,9.5208,72.6947,true,true,ok
1001,9,8231001,0.049,9.4134,70.5487,true,true,ok
1001,9,8241001,0.0512,9.8848,76.0625,true,true,ok
1001,9,8251001,0.0573,8.8799,71.5277,true,true,ok
1001,9,8261001,0.0575,9.9531,71.1317,true,true,ok
1001,9,8271001,0.0528,8.5245,70.6477,true,true,ok
1001,9,8281001,0.0663,10.2331,68.6399,true,true,ok
1001,9,8291001,0.0512,19.1704,70.5169,true,true,ok
1001,9,8301001,0.0485,9.7977,72.8129,true,true,ok
1001,9,8311001,0.0502,9.6302,69.8334,true,true,ok
1001,9,8321001,3.4149,9.5382,70.9497,true,true,ok
1001,9,8331001,0.0578,8.9826,70.568,true,true,ok
1001,9,8341001,0.0566,9.7447,69.2751,true,true,ok
1001,9,8351001,0.0569,9.3121,66.847,true,true,ok
1001,9,8361001,0.0461,10.1977,71.9967,true,true,ok
1001,9,8371001,0.3062,10.6291,78.2139,true,true,ok
1001,9,8381001,0.1767,14.4056,71.7818,true,true,ok
1001,9,8391001,0.0492,9.2518,67.6858,true,true,ok
1001,9,8401001,0.0573,10.8809,71.6559,true,true,ok
1001,9,8411001,0.0558,8.6843,71.091,true,true,ok
1001,9,8421001,0.0593,9.5479,70.3776,true,true,ok
1001,9,8431001,0.0525,8.9129,72.5979,true,true,ok
1001,9,8441001,0.0524,9.5273,70.2157,true,true,ok
1001,9,8451001,0.049,9.7834,67.8644,true,true,ok
1001,9,8461001,0.0695,9.6396,74.4641,true,true,ok
1001,9,8471001,0.0491,9.7111,71.1449,true,true,ok
1001,9,8481001,0.0497,10.0616,68.8838,true,true,ok
1001,9,8491001,0.0515,9.1958,69.1361,true,true,ok
1001,9,8501001,0.312,9.0633,73.682,true,true,ok
1001,9,8511001,0.0576,9.7329,68.473,true,true,ok
1001,9,8521001,0.0459,9.6136,71.6631,true,true,ok
1001,9,8531001,0.0606,8.149,67.8649,true,true,ok
1001,9,8541001,0.0627,8.9412,67.8903,true,true,ok
1001,9,8551001,0.0525,9.3265,69.5301,true,true,ok
1001,9,8561001,0.0529,9.3195,68.3704,true,true,ok
1001,9,8571001,0.0574,9.2173,69.862,true,true,ok
1001,9,8581001,0.4039,10.3272,76.9206,true,true,ok
1001,9,8591001,0.0709,9.86,67.4227,true,true,ok
1001,9,8601001,0.0528,8.7571,68.8094,true,true,ok
1001,9,8611001,0.0541,9.8651,72.0049,true,true,ok
1001,9,8621001,0.0631,9.8488,69.7359,true,true,ok
1001,9,8631001,0.0534,8.0853,69.7033,true,true,ok
1001,9,8641001,0.05,9.3776,74.9211,true,true,ok
1001,9,8651001,0.0568,9.6203,69.7671,true,true,ok
1001,9,8661001,0.0547,9.9194,69.8365,true,true,ok
1001,9,8671001,0.0628,8.9382,70.8486,true,true,ok
1001,9,8681001,0.0676,9.4425,70.5024,true,true,ok
1001,9,8691001,3.7705,9.9144,72.2921,true,true,ok
1001,9,8701001,0.1114,15.9967,70.1107,true,true,ok
1001,9,8711001,0.058,8.7836,68.1734,true,true,ok
1001,9,8721001,0.0497,9.0693,68.0605,true,true,ok
1001,9,8731001,0.3369,8.0325,64.3924,true,true,ok
1001,9,8741001,0.0471,8.824,69.8688,true,true,ok
1001,9,8751001,0.0502,9.1224,72.8311,true,true,ok
1001,9,8761001,0.0571,8.3209,71.8381,true,true,ok
1001,9,8771001,0.0477,10.5136,72.6556,true,true,ok
1001,9,8781001,0.0931,10.4358,72.9265,true,true,ok
1001,9,8791001,0.0504,9.9208,67.1786,true,true,ok
1001,9,8801001,0.2942,9.2374,70.9069,true,true,ok
1001,9,8811001,0.0709,10.0041,71.0797,true,true,ok
1001,9,8821001,0.1354,10.144,70.4852,true,true,ok
1001,9,8831001,0.0584,9.0609,69.1289,true,true,ok
1001,9,8841001,0.0556,9.6396,69.5917,true,true,ok
1001,9,8851001,0.0489,8.5552,70.8392,true,true,ok
1001,9,8861001,0.0717,8.4696,66.3192,true,true,ok
1001,9,8871001,0.0516,9.0347,73.5295,true,true,ok
1001,9,8881001,0.0529,10.0051,74.2986,true,true,ok
1001,9,8891001,0.0487,9.5146,70.3771,true,true,ok
1001,9,8901001,0.0504,9.7493,70.1351,true,true,ok
1001,9,8911001,0.0443,7.9457,69.7253,true,true,ok
1001,9,8921001,0.0575,9.5929,70.8401,true,true,ok
1001,9,8931001,0.3375,9.9568,67.4023,true,true,ok
1001,9,8941001,0.0484,8.7778,70.3633,true,true,ok
1001,9,8951001,0.0513,10.2224,70.0621,true,true,ok
1001,9,8961001,0.0518,8.59,70.82,true,true,ok
1001,9,8971001,0.0688,9.4221,67.0515,true,true,ok
1001,9,8981001,0.055,8.3548,67.52,true,true,ok
1001,9,8991001,0.0494,7.8969,63.6293,true,true,ok
1001,9,9001001,0.2987,9.8735,67.6101,true,true,ok
